{"type":"FeatureCollection","features":[{"type":"Feature","geometry":{"type":"Polygon","coordinates":[[[77.29592,28.70458],[77.28749,28.70981],[77.29081,28.72221],[77.27504,28.7361],[77.2604,28.7347],[77.25569,28.73879],[77.25946,28.75239],[77.25687,28.75674],[77.24854,28.75551],[77.2351,28.76126],[77.23499,28.77099],[77.22322,28.77768],[77.23425,28.7837],[77.22845,28.78664],[77.21433,28.78559],[77.20729,28.78858],[77.199,28.79989],[77.20184,28.81253],[77.21832,28.80886],[77.22029,28.83006],[77.21969,28.84504],[77.20755,28.85688],[77.19483,28.85934],[77.17301,28.85739],[77.17207,28.85022],[77.16609,28.84936],[77.15736,28.83695],[77.14223,28.83937],[77.14197,28.84705],[77.14543,28.85389],[77.1398,28.86182],[77.13182,28.86297],[77.12085,28.85976],[77.10735,28.86967],[77.09514,28.87118],[77.08788,28.87535],[77.08739,28.88118],[77.07799,28.87737],[77.07926,28.8726],[77.07453,28.86722],[77.06112,28.87085],[77.05205,28.85914],[77.04572,28.84739],[77.04498,28.84023],[77.04013,28.83184],[77.02337,28.83915],[77.01033,28.84084],[76.9992,28.83827],[76.99441,28.83977],[76.98705,28.83389],[76.98041,28.82128],[76.97164,28.82743],[76.9657,28.82717],[76.96239,28.81594],[76.95113,28.81817],[76.94607,28.8111],[76.9464,28.79761],[76.95371,28.79054],[76.95108,28.78705],[76.95002,28.7759],[76.95546,28.76838],[76.94449,28.75383],[76.95846,28.74287],[76.95597,28.73856],[76.95977,28.72973],[76.94813,28.71261],[76.968,28.69916],[76.95938,28.68597],[76.95658,28.67456],[76.95295,28.6689],[76.9544,28.66172],[76.94794,28.65836],[76.94083,28.66824],[76.93557,28.66774],[76.9248,28.64952],[76.93783,28.63639],[76.94361,28.63334],[76.94234,28.62704],[76.93521,28.61837],[76.92669,28.62418],[76.92152,28.63106],[76.91422,28.63226],[76.90669,28.62368],[76.89543,28.6306],[76.88927,28.6319],[76.88486,28.62583],[76.87866,28.61011],[76.87203,28.60297],[76.86448,28.58533],[76.84574,28.58443],[76.83947,28.58267],[76.83885,28.57293],[76.84215,28.5568],[76.84695,28.54959],[76.86266,28.54489],[76.8677,28.53591],[76.87358,28.53293],[76.8775,28.52481],[76.88738,28.52026],[76.88057,28.50552],[76.88624,28.50077],[76.89246,28.50088],[76.89807,28.50855],[76.90788,28.51345],[76.92079,28.50692],[76.92818,28.51105],[76.93572,28.51033],[76.9457,28.50432],[76.95472,28.50493],[76.97854,28.52109],[76.99095,28.51361],[76.99681,28.51963],[77.00881,28.51492],[77.01698,28.52096],[77.01481,28.52412],[77.00044,28.53135],[77.00426,28.53943],[77.01346,28.54052],[77.02507,28.53272],[77.03201,28.53167],[77.04847,28.52113],[77.04603,28.51676],[77.06758,28.51194],[77.07191,28.51791],[77.08031,28.51797],[77.09276,28.5138],[77.09776,28.50457],[77.11414,28.49761],[77.12138,28.49624],[77.11388,28.47128],[77.12151,28.45617],[77.12229,28.44897],[77.12979,28.44086],[77.14087,28.43725],[77.14842,28.43727],[77.16682,28.42519],[77.16597,28.41535],[77.17523,28.40447],[77.18569,28.40937],[77.1909,28.40688],[77.22498,28.41193],[77.23882,28.42038],[77.25022,28.42419],[77.24939,28.44664],[77.24579,28.45816],[77.23945,28.46745],[77.24666,28.47954],[77.28676,28.48951],[77.28782,28.49592],[77.29914,28.49589],[77.30037,28.48785],[77.31684,28.48646],[77.32651,28.48972],[77.34349,28.51467],[77.33438,28.52721],[77.3023,28.55412],[77.29686,28.56656],[77.2996,28.57947],[77.31341,28.59718],[77.3262,28.59829],[77.34143,28.60551],[77.34238,28.6222],[77.33042,28.63122],[77.32624,28.63227],[77.31599,28.64117],[77.32027,28.65172],[77.32383,28.67621],[77.33317,28.68156],[77.32348,28.69848],[77.32603,28.70938],[77.31616,28.71271],[77.30624,28.71354],[77.29592,28.70458]]]},"properties":{"id":0,"name":"Delhi NCT","state":"Delhi"}},{"type":"Feature","geometry":{"type":"Polygon","coordinates":[[[76.65104,28.30836],[76.66768,28.3032],[76.67368,28.31701],[76.68624,28.31378],[76.67661,28.2754],[76.67398,28.27008],[76.68427,28.2613],[76.68998,28.26498],[76.69764,28.25969],[76.71132,28.2638],[76.71863,28.26185],[76.73742,28.25279],[76.75979,28.24524],[76.77085,28.23844],[76.77002,28.23442],[76.77796,28.22525],[76.7822,28.22367],[76.79458,28.2436],[76.79741,28.25579],[76.81189,28.25394],[76.80896,28.24651],[76.82486,28.24538],[76.84269,28.23874],[76.84916,28.23925],[76.8626,28.25884],[76.87398,28.26834],[76.89171,28.25637],[76.90309,28.26043],[76.91388,28.27383],[76.91413,28.28179],[76.90846,28.28896],[76.90207,28.29202],[76.90405,28.30278],[76.91103,28.29957],[76.91918,28.30568],[76.93031,28.32158],[76.94105,28.31747],[76.95352,28.3153],[76.95891,28.32441],[76.9656,28.32536],[76.97976,28.33352],[76.98693,28.32413],[77.00098,28.32589],[77.00293,28.31854],[77.01408,28.29773],[77.01456,28.28751],[77.02072,28.2784],[77.02263,28.2535],[77.02587,28.24728],[77.037,28.24525],[77.05796,28.24487],[77.06171,28.24228],[77.05735,28.22195],[77.07396,28.21655],[77.08005,28.22591],[77.08651,28.22879],[77.09477,28.22373],[77.10181,28.22263],[77.1059,28.22767],[77.11368,28.22278],[77.12489,28.21901],[77.13911,28.22642],[77.14896,28.2201],[77.16225,28.21713],[77.1725,28.20497],[77.17927,28.20995],[77.18512,28.22055],[77.19052,28.22002],[77.20071,28.22773],[77.19422,28.23358],[77.19661,28.24647],[77.21032,28.25069],[77.21365,28.26277],[77.22069,28.26253],[77.22486,28.26643],[77.23737,28.2701],[77.2418,28.27929],[77.23061,28.28818],[77.22481,28.28755],[77.20814,28.29865],[77.20089,28.28964],[77.19068,28.29789],[77.16679,28.31121],[77.15681,28.3192],[77.15202,28.34068],[77.15288,28.36142],[77.15043,28.36385],[77.15424,28.37785],[77.15117,28.38058],[77.15462,28.39045],[77.16177,28.3945],[77.17172,28.39662],[77.17523,28.40447],[77.16597,28.41535],[77.16682,28.42519],[77.14842,28.43727],[77.14087,28.43725],[77.12979,28.44086],[77.12229,28.44897],[77.12151,28.45617],[77.11388,28.47128],[77.12138,28.49624],[77.11414,28.49761],[77.09776,28.50457],[77.09276,28.5138],[77.08031,28.51797],[77.07191,28.51791],[77.06758,28.51194],[77.04603,28.51676],[77.04847,28.52113],[77.03201,28.53167],[77.02507,28.53272],[77.01346,28.54052],[77.00426,28.53943],[77.00044,28.53135],[77.01481,28.52412],[77.01698,28.52096],[77.00881,28.51492],[76.99681,28.51963],[76.99095,28.51361],[76.97854,28.52109],[76.95472,28.50493],[76.9457,28.50432],[76.93572,28.51033],[76.92818,28.51105],[76.92079,28.50692],[76.90788,28.51345],[76.89807,28.50855],[76.89246,28.50088],[76.87239,28.49832],[76.86221,28.50106],[76.84733,28.49937],[76.82839,28.5044],[76.81917,28.48901],[76.81447,28.48577],[76.81487,28.47893],[76.79666,28.47083],[76.79071,28.46636],[76.77416,28.47706],[76.76928,28.47839],[76.75938,28.46079],[76.75,28.46281],[76.73482,28.47212],[76.73616,28.47918],[76.72693,28.48637],[76.71054,28.49324],[76.70516,28.49237],[76.70931,28.46603],[76.70654,28.45895],[76.71224,28.45665],[76.71178,28.44567],[76.71797,28.43744],[76.71007,28.41998],[76.70728,28.40785],[76.70813,28.40102],[76.72984,28.38783],[76.7354,28.37542],[76.72925,28.36088],[76.72597,28.35728],[76.71456,28.35595],[76.69574,28.36222],[76.69751,28.36659],[76.68395,28.37586],[76.66966,28.37898],[76.65788,28.35476],[76.66531,28.34005],[76.6578,28.33034],[76.65104,28.30836]]]},"properties":{"id":1,"name":"Gurugram","state":"Haryana"}},{"type":"Feature","geometry":{"type":"Polygon","coordinates":[[[77.24087,28.27596],[77.2457,28.26847],[77.26109,28.26165],[77.25925,28.27039],[77.26248,28.27294],[77.28312,28.26993],[77.29199,28.26383],[77.30196,28.26452],[77.31042,28.25735],[77.31952,28.26127],[77.33359,28.25716],[77.33534,28.25168],[77.34649,28.2445],[77.35046,28.2357],[77.35929,28.23567],[77.36995,28.23156],[77.37794,28.23563],[77.38334,28.22982],[77.38419,28.22329],[77.39068,28.21669],[77.40846,28.21026],[77.41691,28.21114],[77.42347,28.19965],[77.43934,28.20991],[77.46395,28.20237],[77.46729,28.20641],[77.47713,28.20627],[77.48404,28.2092],[77.48814,28.21478],[77.49618,28.21676],[77.50464,28.22774],[77.50212,28.23049],[77.50569,28.25055],[77.49938,28.24758],[77.49308,28.25185],[77.49139,28.27119],[77.49501,28.27264],[77.50221,28.28358],[77.50673,28.30406],[77.49706,28.31447],[77.48275,28.32511],[77.47228,28.32844],[77.47273,28.33629],[77.48748,28.34304],[77.49687,28.3491],[77.50568,28.36235],[77.50383,28.3683],[77.49352,28.38346],[77.48409,28.38746],[77.47428,28.39687],[77.481,28.39849],[77.4845,28.40892],[77.47815,28.41885],[77.46427,28.41502],[77.46306,28.42385],[77.44245,28.4285],[77.43434,28.45499],[77.41468,28.45246],[77.40107,28.45602],[77.40478,28.46632],[77.39395,28.47181],[77.38691,28.46844],[77.37554,28.47634],[77.37087,28.48571],[77.3726,28.49843],[77.35849,28.50141],[77.35152,28.49989],[77.34843,28.50876],[77.34349,28.51467],[77.32651,28.48972],[77.31684,28.48646],[77.30037,28.48785],[77.29914,28.49589],[77.28782,28.49592],[77.28676,28.48951],[77.24666,28.47954],[77.23945,28.46745],[77.24579,28.45816],[77.24939,28.44664],[77.25022,28.42419],[77.23882,28.42038],[77.22498,28.41193],[77.1909,28.40688],[77.18569,28.40937],[77.17523,28.40447],[77.17172,28.39662],[77.16177,28.3945],[77.15462,28.39045],[77.15117,28.38058],[77.15424,28.37785],[77.15043,28.36385],[77.15288,28.36142],[77.15202,28.34068],[77.15681,28.3192],[77.16679,28.31121],[77.19068,28.29789],[77.20089,28.28964],[77.20814,28.29865],[77.22481,28.28755],[77.23061,28.28818],[77.2418,28.27929],[77.24087,28.27596]]]},"properties":{"id":2,"name":"Faridabad","state":"Haryana"}},{"type":"Feature","geometry":{"type":"Polygon","coordinates":[[[77.17927,28.20995],[77.19001,28.20539],[77.19895,28.19651],[77.19309,28.18386],[77.18686,28.18284],[77.17305,28.18779],[77.16708,28.18358],[77.16519,28.17645],[77.1679,28.1707],[77.15356,28.15984],[77.14682,28.14913],[77.1436,28.14035],[77.13574,28.13085],[77.14259,28.12884],[77.14729,28.1164],[77.13965,28.10885],[77.14774,28.09635],[77.14476,28.08592],[77.13911,28.07507],[77.14774,28.06059],[77.15891,28.04644],[77.15221,28.03452],[77.16562,28.00397],[77.16785,27.97641],[77.16338,27.96226],[77.15742,27.9697],[77.14509,27.96306],[77.15571,27.95766],[77.15835,27.94819],[77.16527,27.95135],[77.17405,27.94965],[77.17363,27.94363],[77.18424,27.94162],[77.18051,27.94937],[77.18806,27.95059],[77.20742,27.93802],[77.20957,27.93265],[77.22235,27.92499],[77.2302,27.90269],[77.23496,27.89616],[77.24688,27.8938],[77.25664,27.885],[77.28276,27.87254],[77.28696,27.87645],[77.28779,27.88582],[77.29702,27.89128],[77.31264,27.88384],[77.32585,27.87066],[77.32294,27.85718],[77.33582,27.84741],[77.34998,27.85572],[77.36155,27.85077],[77.3777,27.85707],[77.39063,27.85731],[77.39766,27.85335],[77.41389,27.85171],[77.42298,27.85779],[77.41216,27.86678],[77.41105,27.8798],[77.41856,27.88861],[77.42925,27.8903],[77.44001,27.87957],[77.45118,27.87102],[77.47282,27.88359],[77.48014,27.89785],[77.47774,27.91632],[77.4803,27.92165],[77.47593,27.92924],[77.49288,27.93846],[77.50244,27.92538],[77.5075,27.92575],[77.51723,27.9333],[77.52962,27.92548],[77.53694,27.93328],[77.53812,27.93892],[77.54564,27.95355],[77.5447,27.96237],[77.51952,27.96242],[77.51756,27.97112],[77.52191,27.97679],[77.53517,27.97737],[77.5432,27.98282],[77.54325,27.989],[77.52792,27.99896],[77.52197,28.01412],[77.50903,28.02275],[77.51257,28.02773],[77.51077,28.03332],[77.4896,28.03652],[77.48599,28.04462],[77.49421,28.04711],[77.50196,28.05664],[77.50084,28.06245],[77.48384,28.07817],[77.47751,28.08659],[77.48246,28.09963],[77.48275,28.107],[77.49087,28.10486],[77.49419,28.09437],[77.50118,28.09699],[77.49854,28.10444],[77.50246,28.11479],[77.51036,28.12041],[77.51194,28.12855],[77.50451,28.13212],[77.49419,28.13291],[77.49361,28.13917],[77.50247,28.14278],[77.50517,28.15025],[77.50236,28.16078],[77.51252,28.1668],[77.52307,28.16123],[77.54238,28.16803],[77.55028,28.18],[77.54423,28.19123],[77.52863,28.18666],[77.51985,28.19274],[77.51559,28.1926],[77.50405,28.18084],[77.49903,28.1845],[77.50027,28.19494],[77.4975,28.20458],[77.50285,28.20958],[77.51784,28.20473],[77.526,28.1959],[77.53501,28.20338],[77.53425,28.21373],[77.522,28.22019],[77.52637,28.22871],[77.55,28.23998],[77.54515,28.24867],[77.53351,28.24525],[77.52535,28.24574],[77.51969,28.24238],[77.50569,28.25055],[77.50212,28.23049],[77.50464,28.22774],[77.49618,28.21676],[77.48814,28.21478],[77.48404,28.2092],[77.47713,28.20627],[77.46729,28.20641],[77.46395,28.20237],[77.43934,28.20991],[77.42347,28.19965],[77.41691,28.21114],[77.40846,28.21026],[77.39068,28.21669],[77.38419,28.22329],[77.38334,28.22982],[77.37794,28.23563],[77.36995,28.23156],[77.35929,28.23567],[77.35046,28.2357],[77.34649,28.2445],[77.33534,28.25168],[77.33359,28.25716],[77.31952,28.26127],[77.31042,28.25735],[77.30196,28.26452],[77.29199,28.26383],[77.28312,28.26993],[77.26248,28.27294],[77.25925,28.27039],[77.26109,28.26165],[77.2457,28.26847],[77.24087,28.27596],[77.23737,28.2701],[77.22486,28.26643],[77.22069,28.26253],[77.21365,28.26277],[77.21032,28.25069],[77.19661,28.24647],[77.19422,28.23358],[77.20071,28.22773],[77.19052,28.22002],[77.18512,28.22055],[77.17927,28.20995]]]},"properties":{"id":3,"name":"Palwal","state":"Haryana"}},{"type":"Feature","geometry":{"type":"Polygon","coordinates":[[[76.84916,28.23925],[76.85821,28.23451],[76.8591,28.22759],[76.85367,28.22059],[76.86688,28.21991],[76.87326,28.21467],[76.87191,28.20604],[76.8781,28.20654],[76.90209,28.19877],[76.899,28.19283],[76.89261,28.1928],[76.89194,28.18461],[76.90166,28.17842],[76.91027,28.17016],[76.92012,28.16717],[76.92352,28.16071],[76.93273,28.15264],[76.95153,28.14951],[76.94824,28.1424],[76.97067,28.13812],[76.96618,28.12849],[76.96203,28.10826],[76.96213,28.10023],[76.95402,28.06249],[76.94907,28.05885],[76.9406,28.04235],[76.93527,28.00344],[76.9315,27.99259],[76.93421,27.98159],[76.93385,27.9612],[76.93149,27.95304],[76.93225,27.92233],[76.95002,27.91886],[76.9513,27.89579],[76.93836,27.89621],[76.93798,27.87897],[76.9437,27.85357],[76.94302,27.84261],[76.9364,27.82881],[76.91573,27.83453],[76.91069,27.8149],[76.91971,27.80414],[76.91222,27.79609],[76.91405,27.78859],[76.90299,27.77534],[76.90155,27.76466],[76.90179,27.73981],[76.89396,27.73487],[76.89251,27.72866],[76.89539,27.71776],[76.90649,27.71691],[76.91956,27.7102],[76.92565,27.70012],[76.92128,27.69622],[76.90778,27.69512],[76.89397,27.70229],[76.89278,27.69434],[76.90693,27.68671],[76.89895,27.67782],[76.91184,27.66831],[76.90767,27.6617],[76.91699,27.65256],[76.92763,27.66164],[76.93421,27.65801],[76.94356,27.67362],[76.94633,27.6731],[76.96648,27.65874],[76.97885,27.65408],[76.98324,27.67898],[76.98915,27.69352],[76.99124,27.71099],[77.00196,27.73687],[77.01339,27.73098],[77.02168,27.74567],[77.0358,27.74512],[77.03833,27.74851],[77.0468,27.74333],[77.05218,27.73494],[77.0506,27.73143],[77.06149,27.72639],[77.06545,27.7299],[77.07666,27.73167],[77.08792,27.73786],[77.07885,27.75299],[77.08092,27.75684],[77.07525,27.76701],[77.06025,27.76091],[77.058,27.77054],[77.03647,27.78153],[77.02875,27.77942],[77.03374,27.79841],[77.0455,27.82098],[77.06456,27.8113],[77.07531,27.81356],[77.08978,27.79941],[77.10917,27.78548],[77.12256,27.7925],[77.1352,27.78604],[77.13249,27.77807],[77.13578,27.77533],[77.14426,27.78559],[77.1567,27.78456],[77.16148,27.79254],[77.16224,27.80328],[77.15724,27.80878],[77.16065,27.81665],[77.16897,27.8131],[77.18015,27.81661],[77.19038,27.80819],[77.18609,27.80231],[77.17961,27.80438],[77.17426,27.79441],[77.16978,27.7909],[77.17771,27.78547],[77.18398,27.78678],[77.19925,27.79882],[77.19203,27.80908],[77.20384,27.82222],[77.20739,27.81377],[77.21367,27.80798],[77.21119,27.80151],[77.22204,27.79695],[77.22725,27.79858],[77.2389,27.79227],[77.23456,27.78596],[77.24362,27.78428],[77.25305,27.79069],[77.26511,27.80464],[77.26943,27.81494],[77.28468,27.80164],[77.29129,27.81083],[77.29948,27.81631],[77.29762,27.82537],[77.31317,27.82799],[77.32137,27.82533],[77.33184,27.83105],[77.33582,27.84741],[77.32294,27.85718],[77.32585,27.87066],[77.31264,27.88384],[77.29702,27.89128],[77.28779,27.88582],[77.28696,27.87645],[77.28276,27.87254],[77.25664,27.885],[77.24688,27.8938],[77.23496,27.89616],[77.2302,27.90269],[77.22235,27.92499],[77.20957,27.93265],[77.20742,27.93802],[77.18806,27.95059],[77.18051,27.94937],[77.18424,27.94162],[77.17363,27.94363],[77.17405,27.94965],[77.16527,27.95135],[77.15835,27.94819],[77.15571,27.95766],[77.14509,27.96306],[77.15742,27.9697],[77.16338,27.96226],[77.16785,27.97641],[77.16562,28.00397],[77.15221,28.03452],[77.15891,28.04644],[77.14774,28.06059],[77.13911,28.07507],[77.14476,28.08592],[77.14774,28.09635],[77.13965,28.10885],[77.14729,28.1164],[77.14259,28.12884],[77.13574,28.13085],[77.1436,28.14035],[77.14682,28.14913],[77.15356,28.15984],[77.1679,28.1707],[77.16519,28.17645],[77.16708,28.18358],[77.17305,28.18779],[77.18686,28.18284],[77.19309,28.18386],[77.19895,28.19651],[77.19001,28.20539],[77.17927,28.20995],[77.1725,28.20497],[77.16225,28.21713],[77.14896,28.2201],[77.13911,28.22642],[77.12489,28.21901],[77.11368,28.22278],[77.1059,28.22767],[77.10181,28.22263],[77.09477,28.22373],[77.08651,28.22879],[77.08005,28.22591],[77.07396,28.21655],[77.05735,28.22195],[77.06171,28.24228],[77.05796,28.24487],[77.037,28.24525],[77.02587,28.24728],[77.02263,28.2535],[77.02072,28.2784],[77.01456,28.28751],[77.01408,28.29773],[77.00293,28.31854],[77.00098,28.32589],[76.98693,28.32413],[76.97976,28.33352],[76.9656,28.32536],[76.95891,28.32441],[76.95352,28.3153],[76.94105,28.31747],[76.93031,28.32158],[76.91918,28.30568],[76.91103,28.29957],[76.90405,28.30278],[76.90207,28.29202],[76.90846,28.28896],[76.91413,28.28179],[76.91388,28.27383],[76.90309,28.26043],[76.89171,28.25637],[76.87398,28.26834],[76.8626,28.25884],[76.84916,28.23925]]]},"properties":{"id":4,"name":"Nuh","state":"Haryana"}},{"type":"Feature","geometry":{"type":"Polygon","coordinates":[[[76.65104,28.30836],[76.6578,28.33034],[76.66531,28.34005],[76.65788,28.35476],[76.66966,28.37898],[76.66369,28.38239],[76.66096,28.39166],[76.65016,28.40193],[76.64293,28.40547],[76.64256,28.4101],[76.63466,28.41386],[76.6333,28.42109],[76.62632,28.42564],[76.61483,28.42924],[76.61176,28.42707],[76.59878,28.43381],[76.58458,28.43636],[76.57102,28.41396],[76.56162,28.40457],[76.55332,28.40763],[76.55688,28.41283],[76.56278,28.42863],[76.51487,28.43583],[76.50739,28.42831],[76.4908,28.43238],[76.48562,28.42759],[76.45963,28.42578],[76.45531,28.41796],[76.44071,28.42475],[76.44569,28.43705],[76.43677,28.43987],[76.43773,28.45218],[76.4414,28.45606],[76.42638,28.46235],[76.41966,28.46344],[76.39918,28.47267],[76.39645,28.4679],[76.39393,28.44454],[76.40202,28.4414],[76.40148,28.42633],[76.38429,28.42422],[76.37205,28.42565],[76.36728,28.42945],[76.36748,28.45479],[76.34382,28.45936],[76.33611,28.4403],[76.3363,28.42905],[76.33401,28.42002],[76.32333,28.42117],[76.32254,28.43126],[76.31033,28.43222],[76.30382,28.42161],[76.28863,28.42835],[76.28104,28.40526],[76.30259,28.40146],[76.30006,28.39836],[76.29835,28.3827],[76.30558,28.37649],[76.3286,28.37172],[76.32942,28.36409],[76.33515,28.36269],[76.34788,28.36618],[76.35569,28.36557],[76.35811,28.35521],[76.35746,28.34346],[76.36856,28.33539],[76.36826,28.32269],[76.35864,28.32024],[76.35636,28.31012],[76.3473,28.30644],[76.34803,28.29625],[76.3525,28.29013],[76.35232,28.28065],[76.34304,28.26683],[76.35111,28.26056],[76.34696,28.23674],[76.34163,28.22274],[76.32881,28.22394],[76.32152,28.20629],[76.31531,28.20312],[76.306,28.20348],[76.30448,28.19322],[76.3107,28.19089],[76.3124,28.17802],[76.33398,28.16978],[76.34401,28.17014],[76.35864,28.16102],[76.35744,28.14409],[76.36711,28.13677],[76.38322,28.13309],[76.39255,28.1347],[76.40233,28.14493],[76.42941,28.14144],[76.42969,28.13835],[76.4226,28.12248],[76.42376,28.11415],[76.43125,28.1097],[76.43834,28.10933],[76.44183,28.11984],[76.43405,28.13031],[76.43341,28.14087],[76.43818,28.14867],[76.46073,28.14743],[76.46694,28.15156],[76.47652,28.14854],[76.47209,28.13846],[76.47712,28.13095],[76.4927,28.12981],[76.48794,28.12019],[76.50345,28.11868],[76.50129,28.11454],[76.50008,28.10019],[76.48193,28.10033],[76.47557,28.10879],[76.46447,28.10912],[76.45665,28.10282],[76.45095,28.08877],[76.45763,28.08333],[76.46842,28.07875],[76.47968,28.07764],[76.50216,28.0599],[76.49557,28.05317],[76.47703,28.05437],[76.47316,28.05852],[76.46332,28.05907],[76.459,28.05614],[76.45545,28.04251],[76.46232,28.0405],[76.48195,28.04056],[76.49767,28.04399],[76.50335,28.03141],[76.51084,28.02964],[76.52118,28.03221],[76.53102,28.04012],[76.5444,28.03388],[76.54004,28.02347],[76.5457,28.01063],[76.54137,27.98437],[76.53672,27.9795],[76.53885,27.96768],[76.54548,27.96366],[76.56448,27.96588],[76.56532,27.97807],[76.58115,27.97889],[76.58472,27.99198],[76.59072,27.99733],[76.60331,27.99998],[76.60674,28.00369],[76.64143,28.0023],[76.65993,28.00808],[76.66891,28.01381],[76.66614,28.02557],[76.66186,28.03198],[76.65514,28.03466],[76.65945,28.04315],[76.6524,28.0616],[76.65633,28.07572],[76.65791,28.08915],[76.66415,28.09149],[76.68797,28.08775],[76.68746,28.09452],[76.6982,28.10975],[76.70573,28.11091],[76.7128,28.12542],[76.71642,28.12778],[76.74414,28.12156],[76.75388,28.13421],[76.76463,28.14337],[76.77799,28.14384],[76.78517,28.1505],[76.79592,28.14841],[76.80123,28.16438],[76.79585,28.16982],[76.79696,28.19065],[76.80787,28.18626],[76.81415,28.19313],[76.80581,28.19737],[76.80599,28.20558],[76.81463,28.20896],[76.83212,28.20898],[76.83908,28.21959],[76.85367,28.22059],[76.8591,28.22759],[76.85821,28.23451],[76.84916,28.23925],[76.84269,28.23874],[76.82486,28.24538],[76.80896,28.24651],[76.81189,28.25394],[76.79741,28.25579],[76.79458,28.2436],[76.7822,28.22367],[76.77796,28.22525],[76.77002,28.23442],[76.77085,28.23844],[76.75979,28.24524],[76.73742,28.25279],[76.71863,28.26185],[76.71132,28.2638],[76.69764,28.25969],[76.68998,28.26498],[76.68427,28.2613],[76.67398,28.27008],[76.67661,28.2754],[76.68624,28.31378],[76.67368,28.31701],[76.66768,28.3032],[76.65104,28.30836]]]},"properties":{"id":5,"name":"Rewari","state":"Haryana"}},{"type":"Feature","geometry":{"type":"Polygon","coordinates":[[[76.88624,28.50077],[76.88057,28.50552],[76.88738,28.52026],[76.8775,28.52481],[76.87358,28.53293],[76.8677,28.53591],[76.86266,28.54489],[76.84695,28.54959],[76.84215,28.5568],[76.83885,28.57293],[76.83947,28.58267],[76.84574,28.58443],[76.86448,28.58533],[76.87203,28.60297],[76.87866,28.61011],[76.88486,28.62583],[76.88927,28.6319],[76.89543,28.6306],[76.90669,28.62368],[76.91422,28.63226],[76.92152,28.63106],[76.92669,28.62418],[76.93521,28.61837],[76.94234,28.62704],[76.94361,28.63334],[76.93783,28.63639],[76.9248,28.64952],[76.93557,28.66774],[76.94083,28.66824],[76.94794,28.65836],[76.9544,28.66172],[76.95295,28.6689],[76.95658,28.67456],[76.95938,28.68597],[76.96688,28.69734],[76.968,28.69916],[76.94813,28.71261],[76.95977,28.72973],[76.95597,28.73856],[76.95846,28.74287],[76.94449,28.75383],[76.95546,28.76838],[76.95002,28.7759],[76.95108,28.78705],[76.95371,28.79054],[76.9464,28.79761],[76.94607,28.8111],[76.95113,28.81817],[76.93114,28.82367],[76.92458,28.82105],[76.91915,28.82803],[76.91776,28.83745],[76.9084,28.84892],[76.91053,28.85356],[76.90903,28.86278],[76.90198,28.86357],[76.895,28.85564],[76.89208,28.84795],[76.88373,28.83598],[76.87647,28.83707],[76.87245,28.82362],[76.86383,28.81484],[76.85544,28.81351],[76.85092,28.80814],[76.83453,28.81088],[76.82649,28.81908],[76.81869,28.82383],[76.80719,28.82198],[76.79424,28.81705],[76.79073,28.8067],[76.81932,28.78858],[76.8192,28.7846],[76.79518,28.75991],[76.78898,28.75093],[76.7801,28.74347],[76.76491,28.7511],[76.76734,28.76299],[76.75925,28.76881],[76.74874,28.76545],[76.74129,28.75667],[76.73637,28.75886],[76.72158,28.76015],[76.71503,28.75766],[76.70961,28.73594],[76.7002,28.73561],[76.68755,28.74345],[76.69122,28.7515],[76.69365,28.76346],[76.70696,28.76599],[76.71096,28.77817],[76.70968,28.78705],[76.70163,28.78715],[76.68522,28.79098],[76.67135,28.79599],[76.67034,28.81308],[76.6564,28.81823],[76.65518,28.82647],[76.64617,28.83906],[76.633,28.83123],[76.6335,28.82081],[76.64608,28.8084],[76.63355,28.7934],[76.62086,28.78874],[76.60624,28.7915],[76.59645,28.78191],[76.59586,28.75505],[76.58848,28.74307],[76.5783,28.7339],[76.5652,28.74032],[76.53171,28.7503],[76.52441,28.7379],[76.50251,28.74273],[76.49416,28.73892],[76.47623,28.7415],[76.44611,28.73604],[76.44223,28.72999],[76.43093,28.72661],[76.42603,28.72235],[76.41612,28.72341],[76.42084,28.70365],[76.42001,28.70045],[76.40291,28.67489],[76.4019,28.66635],[76.43803,28.66518],[76.45056,28.65922],[76.45123,28.65383],[76.44652,28.63628],[76.46634,28.61379],[76.45226,28.60532],[76.44904,28.59827],[76.43648,28.60214],[76.43109,28.5956],[76.42751,28.583],[76.42642,28.56602],[76.42198,28.55109],[76.405,28.55091],[76.40254,28.57756],[76.40473,28.58606],[76.40116,28.59616],[76.39518,28.59869],[76.37497,28.59939],[76.35364,28.60962],[76.36113,28.59521],[76.37212,28.5853],[76.36887,28.57697],[76.33833,28.57366],[76.34262,28.56562],[76.33962,28.54252],[76.33647,28.53797],[76.33299,28.51003],[76.3279,28.49582],[76.32343,28.49224],[76.31502,28.49717],[76.3052,28.4997],[76.29207,28.49847],[76.28434,28.47979],[76.31572,28.47561],[76.32946,28.48525],[76.33298,28.48105],[76.31778,28.46222],[76.31164,28.45753],[76.29914,28.46103],[76.29076,28.4577],[76.28946,28.44679],[76.29132,28.43987],[76.28564,28.43151],[76.28863,28.42835],[76.30382,28.42161],[76.31033,28.43222],[76.32254,28.43126],[76.32333,28.42117],[76.33401,28.42002],[76.3363,28.42905],[76.33611,28.4403],[76.34382,28.45936],[76.36748,28.45479],[76.36728,28.42945],[76.37205,28.42565],[76.38429,28.42422],[76.40148,28.42633],[76.40202,28.4414],[76.39393,28.44454],[76.39645,28.4679],[76.39918,28.47267],[76.41966,28.46344],[76.42638,28.46235],[76.4414,28.45606],[76.43773,28.45218],[76.43677,28.43987],[76.44569,28.43705],[76.44071,28.42475],[76.45531,28.41796],[76.45963,28.42578],[76.48562,28.42759],[76.4908,28.43238],[76.50739,28.42831],[76.51487,28.43583],[76.56278,28.42863],[76.55688,28.41283],[76.55332,28.40763],[76.56162,28.40457],[76.57102,28.41396],[76.58458,28.43636],[76.59878,28.43381],[76.61176,28.42707],[76.61483,28.42924],[76.62632,28.42564],[76.6333,28.42109],[76.63466,28.41386],[76.64256,28.4101],[76.64293,28.40547],[76.65016,28.40193],[76.66096,28.39166],[76.66369,28.38239],[76.66966,28.37898],[76.68395,28.37586],[76.69751,28.36659],[76.69574,28.36222],[76.71456,28.35595],[76.72597,28.35728],[76.72925,28.36088],[76.7354,28.37542],[76.72984,28.38783],[76.70813,28.40102],[76.70728,28.40785],[76.71007,28.41998],[76.71797,28.43744],[76.71178,28.44567],[76.71224,28.45665],[76.70654,28.45895],[76.70931,28.46603],[76.70516,28.49237],[76.71054,28.49324],[76.72693,28.48637],[76.73616,28.47918],[76.73482,28.47212],[76.75,28.46281],[76.75938,28.46079],[76.76928,28.47839],[76.77416,28.47706],[76.79071,28.46636],[76.79666,28.47083],[76.81487,28.47893],[76.81447,28.48577],[76.81917,28.48901],[76.82839,28.5044],[76.84733,28.49937],[76.86221,28.50106],[76.87239,28.49832],[76.88624,28.50077]]]},"properties":{"id":6,"name":"Jhajjar","state":"Haryana"}},{"type":"Feature","geometry":{"type":"Polygon","coordinates":[[[76.90198,28.86357],[76.88628,28.87059],[76.87859,28.86967],[76.87368,28.86302],[76.86575,28.85803],[76.85811,28.86104],[76.84441,28.86147],[76.82321,28.85975],[76.81031,28.86815],[76.81661,28.87615],[76.82659,28.90044],[76.82853,28.91592],[76.81966,28.93062],[76.79125,28.92443],[76.7716,28.93791],[76.77524,28.94842],[76.76195,28.96053],[76.75319,28.96369],[76.75188,29.00446],[76.74865,29.01868],[76.73508,29.03161],[76.72991,29.03872],[76.70334,29.05221],[76.67302,29.05941],[76.66139,29.05811],[76.64717,29.04648],[76.63792,29.04975],[76.63462,29.05434],[76.59942,29.05724],[76.59494,29.06037],[76.58051,29.05744],[76.56707,29.05915],[76.5621,29.07089],[76.55144,29.08005],[76.54684,29.09187],[76.538,29.09794],[76.52766,29.09231],[76.52131,29.08417],[76.51673,29.08561],[76.50851,29.07816],[76.49463,29.08294],[76.47827,29.09204],[76.47396,29.08299],[76.46964,29.0816],[76.4633,29.06675],[76.45488,29.0607],[76.44816,29.06127],[76.44419,29.05538],[76.43136,29.0604],[76.4259,29.06527],[76.41207,29.0725],[76.39958,29.07545],[76.38861,29.06842],[76.38026,29.06553],[76.36177,29.07467],[76.3509,29.08311],[76.33817,29.0827],[76.32202,29.08727],[76.31464,29.08317],[76.30217,29.08585],[76.29278,29.073],[76.2791,29.06569],[76.25708,29.06379],[76.25395,29.05979],[76.24555,29.0608],[76.2404,29.0522],[76.24024,29.04633],[76.24989,29.02881],[76.25023,29.02166],[76.24597,29.01126],[76.2475,29.00496],[76.23479,28.99866],[76.22801,28.99106],[76.22514,28.98245],[76.21469,28.97262],[76.21391,28.95609],[76.22387,28.9502],[76.24473,28.94134],[76.23728,28.92253],[76.23649,28.91148],[76.25673,28.90505],[76.26851,28.90286],[76.27833,28.90579],[76.28976,28.9063],[76.29868,28.90314],[76.2937,28.89739],[76.28927,28.87255],[76.29609,28.86279],[76.28838,28.85225],[76.29625,28.84163],[76.29794,28.83482],[76.29433,28.82685],[76.292,28.8079],[76.30809,28.8088],[76.3143,28.81401],[76.33482,28.81324],[76.33554,28.808],[76.35043,28.80172],[76.36043,28.79943],[76.35995,28.79537],[76.36823,28.78759],[76.38643,28.78266],[76.3877,28.77023],[76.40664,28.75644],[76.40062,28.73418],[76.38961,28.72632],[76.38133,28.7147],[76.38108,28.70174],[76.39823,28.68672],[76.40712,28.68268],[76.42001,28.70045],[76.42084,28.70365],[76.41612,28.72341],[76.42603,28.72235],[76.43093,28.72661],[76.44223,28.72999],[76.44611,28.73604],[76.47623,28.7415],[76.49416,28.73892],[76.50251,28.74273],[76.52441,28.7379],[76.53171,28.7503],[76.5652,28.74032],[76.5783,28.7339],[76.58848,28.74307],[76.59586,28.75505],[76.59645,28.78191],[76.60624,28.7915],[76.62086,28.78874],[76.63355,28.7934],[76.64608,28.8084],[76.6335,28.82081],[76.633,28.83123],[76.64617,28.83906],[76.65518,28.82647],[76.6564,28.81823],[76.67034,28.81308],[76.67135,28.79599],[76.68522,28.79098],[76.70163,28.78715],[76.70968,28.78705],[76.71096,28.77817],[76.70696,28.76599],[76.69365,28.76346],[76.69122,28.7515],[76.68755,28.74345],[76.7002,28.73561],[76.70961,28.73594],[76.71503,28.75766],[76.72158,28.76015],[76.73637,28.75886],[76.74129,28.75667],[76.74874,28.76545],[76.75925,28.76881],[76.76734,28.76299],[76.76491,28.7511],[76.7801,28.74347],[76.78898,28.75093],[76.79518,28.75991],[76.8192,28.7846],[76.81932,28.78858],[76.79073,28.8067],[76.79424,28.81705],[76.80719,28.82198],[76.81869,28.82383],[76.82649,28.81908],[76.83453,28.81088],[76.85092,28.80814],[76.85544,28.81351],[76.86383,28.81484],[76.87245,28.82362],[76.87647,28.83707],[76.88373,28.83598],[76.89208,28.84795],[76.895,28.85564],[76.90198,28.86357]]]},"properties":{"id":7,"name":"Rohtak","state":"Haryana"}},{"type":"Feature","geometry":{"type":"Polygon","coordinates":[[[76.93114,28.82367],[76.96239,28.81594],[76.9657,28.82717],[76.97164,28.82743],[76.98041,28.82128],[76.98705,28.83389],[76.99441,28.83977],[76.9992,28.83827],[77.01033,28.84084],[77.02337,28.83915],[77.04013,28.83184],[77.04498,28.84023],[77.04572,28.84739],[77.05205,28.85914],[77.06112,28.87085],[77.07453,28.86722],[77.07926,28.8726],[77.07799,28.87737],[77.08739,28.88118],[77.08788,28.87535],[77.09514,28.87118],[77.10735,28.86967],[77.12085,28.85976],[77.13182,28.86297],[77.1398,28.86182],[77.14543,28.85389],[77.14197,28.84705],[77.14223,28.83937],[77.15736,28.83695],[77.16609,28.84936],[77.17207,28.85022],[77.17301,28.85739],[77.19483,28.85934],[77.20755,28.85688],[77.20797,28.86214],[77.19256,28.86587],[77.18982,28.87126],[77.19004,28.88124],[77.19808,28.88765],[77.21037,28.88775],[77.22152,28.87843],[77.22864,28.88152],[77.22791,28.89401],[77.23277,28.89724],[77.23476,28.91179],[77.23312,28.91901],[77.22522,28.92298],[77.22295,28.92771],[77.20821,28.93467],[77.20234,28.93352],[77.19608,28.93992],[77.19753,28.94484],[77.19331,28.95838],[77.19572,28.96689],[77.20313,28.97741],[77.20263,28.98838],[77.19931,28.98916],[77.19142,29.00907],[77.19378,29.01306],[77.18871,29.02977],[77.17975,29.02959],[77.1689,29.0328],[77.17273,29.04671],[77.16946,29.05203],[77.16578,29.07644],[77.14415,29.08256],[77.13476,29.09496],[77.13962,29.10795],[77.14876,29.11304],[77.14848,29.13262],[77.13664,29.14185],[77.1369,29.1494],[77.14383,29.15721],[77.14398,29.16681],[77.12249,29.1693],[77.11064,29.16855],[77.09823,29.1616],[77.09284,29.16614],[77.08819,29.1751],[77.07899,29.17941],[77.07576,29.17562],[77.06059,29.17267],[77.05269,29.17618],[77.05097,29.18428],[77.02956,29.1775],[77.01873,29.18526],[76.99792,29.18578],[76.96447,29.19367],[76.96804,29.19694],[76.96025,29.20497],[76.94906,29.20865],[76.93778,29.20961],[76.93198,29.21401],[76.91885,29.21922],[76.91034,29.21402],[76.89512,29.2103],[76.89037,29.20637],[76.89048,29.19932],[76.88568,29.19386],[76.87631,29.19174],[76.86132,29.19828],[76.85517,29.20602],[76.84278,29.20548],[76.82448,29.21161],[76.80263,29.22843],[76.80217,29.23795],[76.79387,29.25087],[76.798,29.25837],[76.79702,29.27233],[76.78287,29.27725],[76.7802,29.28187],[76.77281,29.28104],[76.76556,29.27595],[76.75673,29.26434],[76.7496,29.26055],[76.72593,29.25272],[76.71478,29.25113],[76.71446,29.25805],[76.70958,29.26089],[76.68287,29.26937],[76.67982,29.26485],[76.66901,29.26379],[76.65439,29.26617],[76.64585,29.27388],[76.63501,29.27471],[76.62162,29.2846],[76.61154,29.28904],[76.60496,29.28763],[76.59832,29.28016],[76.58827,29.2843],[76.57858,29.28462],[76.60284,29.26558],[76.59067,29.24061],[76.56241,29.2711],[76.55498,29.25654],[76.55848,29.25316],[76.56496,29.23919],[76.56332,29.23604],[76.56933,29.22641],[76.56219,29.21095],[76.55889,29.20899],[76.54331,29.20975],[76.53482,29.21384],[76.52468,29.22322],[76.52613,29.23152],[76.51289,29.23216],[76.49414,29.23865],[76.48234,29.24082],[76.47748,29.23535],[76.47875,29.22212],[76.48968,29.21022],[76.49416,29.19562],[76.49394,29.19025],[76.49794,29.1753],[76.51211,29.16342],[76.5127,29.15904],[76.50057,29.15168],[76.49367,29.1432],[76.48776,29.13096],[76.48645,29.11558],[76.48191,29.10698],[76.47827,29.09204],[76.49463,29.08294],[76.50851,29.07816],[76.51673,29.08561],[76.52131,29.08417],[76.52766,29.09231],[76.538,29.09794],[76.54684,29.09187],[76.55144,29.08005],[76.5621,29.07089],[76.56707,29.05915],[76.58051,29.05744],[76.59494,29.06037],[76.59942,29.05724],[76.63462,29.05434],[76.63792,29.04975],[76.64717,29.04648],[76.66139,29.05811],[76.67302,29.05941],[76.70334,29.05221],[76.72991,29.03872],[76.73508,29.03161],[76.74865,29.01868],[76.75188,29.00446],[76.75319,28.96369],[76.76195,28.96053],[76.77524,28.94842],[76.7716,28.93791],[76.79125,28.92443],[76.81966,28.93062],[76.82853,28.91592],[76.82659,28.90044],[76.81661,28.87615],[76.81031,28.86815],[76.82321,28.85975],[76.84441,28.86147],[76.85811,28.86104],[76.86575,28.85803],[76.87368,28.86302],[76.87859,28.86967],[76.88628,28.87059],[76.90198,28.86357],[76.90903,28.86278],[76.91053,28.85356],[76.9084,28.84892],[76.91776,28.83745],[76.91915,28.82803],[76.92458,28.82105],[76.93114,28.82367]]]},"properties":{"id":8,"name":"Sonipat","state":"Haryana"}},{"type":"Feature","geometry":{"type":"Polygon","coordinates":[[[77.14398,29.16681],[77.14786,29.18034],[77.14092,29.19199],[77.14404,29.19434],[77.14283,29.20398],[77.13256,29.21383],[77.13328,29.22227],[77.1486,29.23026],[77.15019,29.24938],[77.13953,29.26602],[77.14576,29.28323],[77.15017,29.28798],[77.15305,29.29744],[77.15898,29.30276],[77.16132,29.31214],[77.15733,29.31855],[77.16043,29.3366],[77.14951,29.34125],[77.13536,29.33987],[77.12869,29.34413],[77.12646,29.34957],[77.12959,29.3568],[77.12398,29.37021],[77.12768,29.37548],[77.14344,29.37711],[77.15502,29.3842],[77.13841,29.39509],[77.13249,29.4127],[77.1337,29.41863],[77.14511,29.42642],[77.14912,29.43394],[77.14519,29.44528],[77.13537,29.44703],[77.12391,29.45523],[77.12361,29.46954],[77.13377,29.4796],[77.13259,29.48487],[77.121,29.4721],[77.11008,29.4655],[77.09715,29.46317],[77.08815,29.45808],[77.07802,29.44515],[77.06867,29.44075],[77.06265,29.44099],[77.05227,29.45009],[77.04438,29.44858],[77.03191,29.45096],[77.02096,29.44646],[77.01178,29.44705],[76.99471,29.45553],[76.98893,29.44564],[76.96728,29.4427],[76.96266,29.44577],[76.96723,29.45166],[76.97987,29.45612],[76.96702,29.46156],[76.95811,29.4681],[76.93714,29.47635],[76.92942,29.48235],[76.915,29.48126],[76.90936,29.46915],[76.90242,29.47143],[76.88195,29.49195],[76.86286,29.48897],[76.85667,29.49009],[76.84519,29.50066],[76.83851,29.50271],[76.82958,29.51193],[76.81902,29.51387],[76.81949,29.50743],[76.81102,29.48908],[76.80161,29.48012],[76.7965,29.46958],[76.79203,29.4657],[76.77172,29.47031],[76.7632,29.46563],[76.75545,29.45796],[76.74803,29.44118],[76.75083,29.43806],[76.73473,29.41786],[76.73171,29.41182],[76.74126,29.40655],[76.73582,29.39414],[76.73531,29.38799],[76.7184,29.38649],[76.7124,29.38291],[76.69261,29.38395],[76.68637,29.37664],[76.67249,29.37546],[76.66185,29.37046],[76.65195,29.36891],[76.64877,29.3629],[76.64752,29.34949],[76.64904,29.33818],[76.64251,29.33117],[76.63791,29.32085],[76.63267,29.31447],[76.64251,29.30518],[76.63746,29.29735],[76.64412,29.28887],[76.6555,29.28343],[76.66992,29.27915],[76.67798,29.2803],[76.68287,29.26937],[76.70958,29.26089],[76.71446,29.25805],[76.71478,29.25113],[76.72593,29.25272],[76.7496,29.26055],[76.75673,29.26434],[76.76556,29.27595],[76.77281,29.28104],[76.7802,29.28187],[76.78287,29.27725],[76.79702,29.27233],[76.798,29.25837],[76.79387,29.25087],[76.80217,29.23795],[76.80263,29.22843],[76.82448,29.21161],[76.84278,29.20548],[76.85517,29.20602],[76.86132,29.19828],[76.87631,29.19174],[76.88568,29.19386],[76.89048,29.19932],[76.89037,29.20637],[76.89512,29.2103],[76.91034,29.21402],[76.91885,29.21922],[76.93198,29.21401],[76.93778,29.20961],[76.94906,29.20865],[76.96025,29.20497],[76.96804,29.19694],[76.96447,29.19367],[76.99792,29.18578],[77.01873,29.18526],[77.02956,29.1775],[77.05097,29.18428],[77.05269,29.17618],[77.06059,29.17267],[77.07576,29.17562],[77.07899,29.17941],[77.08819,29.1751],[77.09284,29.16614],[77.09823,29.1616],[77.11064,29.16855],[77.12249,29.1693],[77.14398,29.16681]]]},"properties":{"id":9,"name":"Panipat","state":"Haryana"}},{"type":"Feature","geometry":{"type":"Polygon","coordinates":[[[77.11808,29.99324],[77.11302,29.99012],[77.11525,29.98378],[77.11446,29.97074],[77.10525,29.96818],[77.10332,29.96009],[77.09773,29.95078],[77.08438,29.94987],[77.06546,29.95193],[77.05967,29.94598],[77.05371,29.9462],[77.04943,29.95195],[77.03307,29.95468],[77.02356,29.94692],[77.00953,29.95307],[77.00071,29.94974],[76.98575,29.95588],[76.96662,29.93933],[76.95924,29.93902],[76.94986,29.93159],[76.95874,29.9146],[76.95067,29.91356],[76.93326,29.92447],[76.92867,29.91723],[76.9181,29.91391],[76.90226,29.92055],[76.89939,29.91832],[76.89791,29.89954],[76.8909,29.89663],[76.8847,29.88708],[76.8867,29.88263],[76.87223,29.8793],[76.86602,29.88101],[76.85758,29.87851],[76.84946,29.88102],[76.84039,29.88711],[76.83602,29.89865],[76.8286,29.89444],[76.82133,29.89921],[76.81054,29.90176],[76.80462,29.89473],[76.80461,29.88258],[76.79418,29.87617],[76.78233,29.87326],[76.77337,29.87733],[76.76704,29.87604],[76.75579,29.86665],[76.75176,29.86911],[76.73303,29.87212],[76.72564,29.88127],[76.713,29.88363],[76.70538,29.89332],[76.69583,29.89788],[76.69456,29.88639],[76.68443,29.8655],[76.69507,29.85389],[76.69013,29.84364],[76.68909,29.82686],[76.70568,29.82565],[76.71162,29.81706],[76.71775,29.81302],[76.71489,29.80689],[76.70466,29.8013],[76.69906,29.79517],[76.70121,29.78396],[76.68475,29.76856],[76.68449,29.76451],[76.69498,29.74616],[76.69568,29.72737],[76.69027,29.72684],[76.66962,29.71176],[76.67359,29.70851],[76.70549,29.69521],[76.71322,29.69496],[76.70415,29.66838],[76.69569,29.6697],[76.68684,29.67535],[76.67852,29.67444],[76.67252,29.67018],[76.65418,29.67054],[76.64601,29.66352],[76.6439,29.65489],[76.63222,29.64631],[76.61696,29.64344],[76.61636,29.63613],[76.60655,29.63219],[76.60381,29.62804],[76.57813,29.6258],[76.5668,29.62884],[76.55928,29.62805],[76.54868,29.62202],[76.54051,29.61313],[76.52902,29.61564],[76.52642,29.61092],[76.54722,29.59629],[76.55082,29.59071],[76.54813,29.58038],[76.54401,29.57515],[76.53099,29.57075],[76.52414,29.55178],[76.5229,29.53339],[76.51178,29.53158],[76.50676,29.52419],[76.50646,29.51453],[76.4967,29.51524],[76.4988,29.5034],[76.50469,29.49111],[76.50373,29.48688],[76.51887,29.48449],[76.52909,29.48102],[76.52376,29.46574],[76.5356,29.45632],[76.55721,29.46139],[76.57058,29.46215],[76.57322,29.46546],[76.58499,29.46453],[76.59684,29.47588],[76.60582,29.47518],[76.60853,29.48055],[76.63387,29.46918],[76.64296,29.4742],[76.6499,29.48806],[76.65551,29.49108],[76.66646,29.48542],[76.68144,29.48264],[76.68858,29.47675],[76.71017,29.47429],[76.71833,29.48218],[76.73518,29.48096],[76.74641,29.47758],[76.74842,29.47179],[76.75565,29.46522],[76.7632,29.46563],[76.77172,29.47031],[76.79203,29.4657],[76.7965,29.46958],[76.80161,29.48012],[76.81102,29.48908],[76.81949,29.50743],[76.81902,29.51387],[76.82958,29.51193],[76.83851,29.50271],[76.84519,29.50066],[76.85667,29.49009],[76.86286,29.48897],[76.88195,29.49195],[76.90242,29.47143],[76.90936,29.46915],[76.915,29.48126],[76.92942,29.48235],[76.93714,29.47635],[76.95811,29.4681],[76.96702,29.46156],[76.97987,29.45612],[76.96723,29.45166],[76.96266,29.44577],[76.96728,29.4427],[76.98893,29.44564],[76.99471,29.45553],[77.01178,29.44705],[77.02096,29.44646],[77.03191,29.45096],[77.04438,29.44858],[77.05227,29.45009],[77.06265,29.44099],[77.06867,29.44075],[77.07802,29.44515],[77.08815,29.45808],[77.09715,29.46317],[77.11008,29.4655],[77.121,29.4721],[77.13259,29.48487],[77.13028,29.48962],[77.12146,29.49592],[77.1145,29.50606],[77.10326,29.50829],[77.10177,29.51514],[77.09688,29.51922],[77.09778,29.5273],[77.1085,29.54797],[77.12247,29.55301],[77.12613,29.55712],[77.12172,29.56633],[77.10561,29.5718],[77.09645,29.58246],[77.08455,29.58699],[77.08691,29.59301],[77.09584,29.59538],[77.10103,29.59361],[77.11039,29.59708],[77.11369,29.61084],[77.10388,29.6146],[77.1068,29.63129],[77.11301,29.63714],[77.11883,29.63541],[77.13187,29.64168],[77.13398,29.64808],[77.1415,29.65406],[77.13832,29.66671],[77.14661,29.67144],[77.14278,29.68043],[77.1502,29.68903],[77.1562,29.69216],[77.1542,29.70238],[77.14569,29.71366],[77.13465,29.71905],[77.13425,29.72854],[77.14052,29.73601],[77.13691,29.74343],[77.12363,29.75041],[77.11997,29.75933],[77.12305,29.76752],[77.14703,29.77124],[77.15161,29.78749],[77.15876,29.79155],[77.16378,29.79039],[77.16955,29.79629],[77.1789,29.81163],[77.18284,29.8239],[77.18245,29.83118],[77.17797,29.83964],[77.17954,29.84833],[77.18687,29.85706],[77.19465,29.85653],[77.20189,29.8637],[77.20216,29.88061],[77.19992,29.88917],[77.18756,29.89609],[77.18613,29.90719],[77.19042,29.91302],[77.21247,29.91879],[77.2186,29.92406],[77.2214,29.93262],[77.2302,29.93945],[77.20971,29.93489],[77.1965,29.93755],[77.18454,29.94701],[77.18999,29.95297],[77.18488,29.96068],[77.17199,29.96951],[77.16561,29.96699],[77.15751,29.96998],[77.14942,29.96858],[77.13936,29.96305],[77.13216,29.9657],[77.13642,29.97405],[77.13509,29.9789],[77.11808,29.99324]]]},"properties":{"id":10,"name":"Karnal","state":"Haryana"}},{"type":"Feature","geometry":{"type":"Polygon","coordinates":[[[76.16938,29.69223],[76.17585,29.7079],[76.18447,29.71958],[76.18162,29.72686],[76.18516,29.73863],[76.19558,29.74679],[76.20313,29.75706],[76.20191,29.76583],[76.21077,29.77606],[76.20818,29.7874],[76.21791,29.79531],[76.2165,29.79844],[76.22086,29.81117],[76.21997,29.81802],[76.21011,29.82385],[76.21627,29.8407],[76.20614,29.84111],[76.20132,29.83661],[76.19775,29.82738],[76.18539,29.82047],[76.17855,29.81449],[76.165,29.81245],[76.15113,29.81296],[76.14396,29.80825],[76.13322,29.79569],[76.12527,29.79594],[76.11504,29.80466],[76.10237,29.80709],[76.08947,29.80206],[76.08609,29.77751],[76.08164,29.7723],[76.07494,29.77375],[76.07016,29.76944],[76.05315,29.74508],[76.04731,29.74299],[76.03592,29.75194],[76.02924,29.75242],[76.01548,29.74729],[75.98413,29.72876],[75.97643,29.72779],[75.96166,29.73034],[75.94698,29.72929],[75.94764,29.72424],[75.94475,29.70267],[75.93974,29.69162],[75.93358,29.68431],[75.94233,29.68189],[75.95075,29.67211],[75.94846,29.6543],[75.9435,29.64707],[75.9444,29.6405],[75.95666,29.62665],[75.95524,29.6117],[75.9516,29.60554],[75.94905,29.59442],[75.96096,29.59153],[75.96087,29.56984],[75.96321,29.56243],[75.96364,29.55374],[75.9604,29.53861],[75.94945,29.51704],[75.93855,29.51265],[75.93394,29.50462],[75.93404,29.49874],[75.95062,29.49394],[75.96148,29.49704],[75.98899,29.48869],[76.00718,29.4861],[76.01461,29.48054],[76.00536,29.46237],[76.00003,29.46103],[75.99688,29.447],[76.013,29.44233],[76.02045,29.43724],[76.02071,29.42723],[76.02814,29.4225],[76.04562,29.43222],[76.05201,29.43974],[76.07808,29.44122],[76.08371,29.43644],[76.0811,29.42947],[76.08682,29.40907],[76.09443,29.40361],[76.10825,29.407],[76.11859,29.4035],[76.129,29.39271],[76.13491,29.3935],[76.13663,29.39988],[76.14567,29.41108],[76.15386,29.41415],[76.15808,29.41988],[76.16821,29.41328],[76.18473,29.41302],[76.19237,29.40992],[76.20405,29.39519],[76.20385,29.38576],[76.20735,29.381],[76.20715,29.364],[76.19894,29.35997],[76.1791,29.34074],[76.19218,29.33089],[76.20038,29.32753],[76.21012,29.31945],[76.19928,29.30545],[76.19648,29.29876],[76.18912,29.29167],[76.18752,29.28596],[76.19794,29.27876],[76.20786,29.26525],[76.20702,29.25922],[76.21454,29.25581],[76.21245,29.24765],[76.22889,29.23871],[76.22408,29.22266],[76.22573,29.21908],[76.23783,29.21335],[76.24839,29.21254],[76.25993,29.20721],[76.26978,29.20887],[76.2828,29.20788],[76.29145,29.19829],[76.29362,29.19241],[76.30094,29.18813],[76.29623,29.17728],[76.29975,29.15411],[76.30611,29.144],[76.306,29.12669],[76.311,29.12023],[76.31888,29.11695],[76.31595,29.10924],[76.30227,29.09483],[76.30217,29.08585],[76.31464,29.08317],[76.32202,29.08727],[76.33817,29.0827],[76.3509,29.08311],[76.36177,29.07467],[76.38026,29.06553],[76.38861,29.06842],[76.39958,29.07545],[76.41207,29.0725],[76.4259,29.06527],[76.43136,29.0604],[76.44419,29.05538],[76.44816,29.06127],[76.45488,29.0607],[76.4633,29.06675],[76.46964,29.0816],[76.47396,29.08299],[76.47827,29.09204],[76.48191,29.10698],[76.48645,29.11558],[76.48776,29.13096],[76.49367,29.1432],[76.50057,29.15168],[76.5127,29.15904],[76.51211,29.16342],[76.49794,29.1753],[76.49394,29.19025],[76.49416,29.19562],[76.48968,29.21022],[76.47875,29.22212],[76.47748,29.23535],[76.48234,29.24082],[76.49414,29.23865],[76.51289,29.23216],[76.52613,29.23152],[76.52468,29.22322],[76.53482,29.21384],[76.54331,29.20975],[76.55889,29.20899],[76.56219,29.21095],[76.56933,29.22641],[76.56332,29.23604],[76.56496,29.23919],[76.55848,29.25316],[76.55498,29.25654],[76.56241,29.2711],[76.59067,29.24061],[76.60284,29.26558],[76.57858,29.28462],[76.58827,29.2843],[76.59832,29.28016],[76.60496,29.28763],[76.61154,29.28904],[76.62162,29.2846],[76.63501,29.27471],[76.64585,29.27388],[76.65439,29.26617],[76.66901,29.26379],[76.67982,29.26485],[76.68287,29.26937],[76.67798,29.2803],[76.66992,29.27915],[76.6555,29.28343],[76.64412,29.28887],[76.63746,29.29735],[76.64251,29.30518],[76.63267,29.31447],[76.63791,29.32085],[76.64251,29.33117],[76.64904,29.33818],[76.64752,29.34949],[76.64877,29.3629],[76.65195,29.36891],[76.66185,29.37046],[76.67249,29.37546],[76.68637,29.37664],[76.69261,29.38395],[76.7124,29.38291],[76.7184,29.38649],[76.73531,29.38799],[76.73582,29.39414],[76.74126,29.40655],[76.73171,29.41182],[76.73473,29.41786],[76.75083,29.43806],[76.74803,29.44118],[76.75545,29.45796],[76.7632,29.46563],[76.75565,29.46522],[76.74842,29.47179],[76.74641,29.47758],[76.73518,29.48096],[76.71833,29.48218],[76.71017,29.47429],[76.68858,29.47675],[76.68144,29.48264],[76.66646,29.48542],[76.65551,29.49108],[76.6499,29.48806],[76.64296,29.4742],[76.63387,29.46918],[76.60853,29.48055],[76.60582,29.47518],[76.59684,29.47588],[76.58499,29.46453],[76.57322,29.46546],[76.57058,29.46215],[76.55721,29.46139],[76.5356,29.45632],[76.52376,29.46574],[76.52909,29.48102],[76.51887,29.48449],[76.50373,29.48688],[76.50469,29.49111],[76.4988,29.5034],[76.4967,29.51524],[76.48821,29.52624],[76.48962,29.53076],[76.48658,29.54161],[76.46473,29.54852],[76.4546,29.54679],[76.45305,29.53772],[76.44885,29.5315],[76.43986,29.529],[76.43207,29.54481],[76.41482,29.5406],[76.41635,29.5342],[76.40595,29.53033],[76.37631,29.52683],[76.36823,29.53038],[76.36103,29.53915],[76.36066,29.54824],[76.34991,29.5577],[76.35938,29.56918],[76.35286,29.57864],[76.32924,29.57961],[76.31698,29.58587],[76.30966,29.58498],[76.29864,29.58971],[76.2916,29.57685],[76.30185,29.5573],[76.29322,29.55091],[76.28216,29.54672],[76.27093,29.5507],[76.26698,29.55738],[76.26923,29.5724],[76.25913,29.58483],[76.24325,29.58865],[76.23926,29.59324],[76.24334,29.5994],[76.24168,29.60863],[76.23466,29.61898],[76.21885,29.62265],[76.21349,29.62952],[76.19492,29.64053],[76.19877,29.645],[76.20328,29.66492],[76.19521,29.67158],[76.19236,29.67994],[76.18468,29.68334],[76.17045,29.68568],[76.16938,29.69223]]]},"properties":{"id":11,"name":"Jind","state":"Haryana"}},{"type":"Feature","geometry":{"type":"Polygon","coordinates":[[[76.28434,28.47979],[76.29207,28.49847],[76.3052,28.4997],[76.31502,28.49717],[76.32343,28.49224],[76.3279,28.49582],[76.33299,28.51003],[76.33647,28.53797],[76.33962,28.54252],[76.34262,28.56562],[76.33833,28.57366],[76.36887,28.57697],[76.37212,28.5853],[76.36113,28.59521],[76.35364,28.60962],[76.37497,28.59939],[76.39518,28.59869],[76.40116,28.59616],[76.40473,28.58606],[76.40254,28.57756],[76.405,28.55091],[76.42198,28.55109],[76.42642,28.56602],[76.42751,28.583],[76.43109,28.5956],[76.43648,28.60214],[76.44904,28.59827],[76.45226,28.60532],[76.46634,28.61379],[76.44652,28.63628],[76.45123,28.65383],[76.45056,28.65922],[76.43803,28.66518],[76.4019,28.66635],[76.40291,28.67489],[76.40712,28.68268],[76.39823,28.68672],[76.38108,28.70174],[76.38133,28.7147],[76.38961,28.72632],[76.40062,28.73418],[76.40664,28.75644],[76.3877,28.77023],[76.38643,28.78266],[76.36823,28.78759],[76.35995,28.79537],[76.36043,28.79943],[76.35043,28.80172],[76.33554,28.808],[76.33482,28.81324],[76.3143,28.81401],[76.30809,28.8088],[76.292,28.8079],[76.29433,28.82685],[76.29794,28.83482],[76.29625,28.84163],[76.28838,28.85225],[76.29609,28.86279],[76.28927,28.87255],[76.2937,28.89739],[76.29868,28.90314],[76.28976,28.9063],[76.27833,28.90579],[76.26851,28.90286],[76.25673,28.90505],[76.23649,28.91148],[76.23728,28.92253],[76.24473,28.94134],[76.22387,28.9502],[76.21391,28.95609],[76.21469,28.97262],[76.22514,28.98245],[76.22801,28.99106],[76.21788,28.99444],[76.20257,29.0067],[76.20102,29.02468],[76.20744,29.0298],[76.20183,29.03553],[76.20182,29.04103],[76.19209,29.05069],[76.16903,29.05069],[76.15121,29.044],[76.13782,29.04509],[76.13261,29.03523],[76.10106,29.0462],[76.08878,29.04474],[76.08205,29.04172],[76.07641,29.03299],[76.07642,29.02256],[76.06578,29.02324],[76.05182,29.03083],[76.04587,29.03818],[76.04463,29.05796],[76.02892,29.06422],[76.0128,29.06002],[75.98417,29.08036],[75.9768,29.06716],[75.96872,29.06249],[75.97417,29.04289],[75.97533,29.03182],[75.97823,29.02727],[75.97796,29.01371],[75.98035,28.9955],[75.95976,28.9999],[75.95607,29.00434],[75.92307,29.02291],[75.91274,29.02138],[75.90528,29.017],[75.89808,29.00351],[75.89923,28.99734],[75.8958,28.98558],[75.88775,28.98809],[75.87877,28.97088],[75.8687,28.96545],[75.85405,28.95301],[75.85904,28.93655],[75.84843,28.92085],[75.8382,28.91252],[75.8147,28.91553],[75.80061,28.92566],[75.79261,28.92509],[75.77872,28.91801],[75.77842,28.91203],[75.77136,28.89883],[75.75472,28.90468],[75.72895,28.90508],[75.71512,28.90308],[75.69608,28.90578],[75.68122,28.91215],[75.67485,28.9192],[75.67275,28.92735],[75.66332,28.93788],[75.64877,28.93761],[75.64707,28.94579],[75.6411,28.94966],[75.63771,28.96767],[75.62113,28.98348],[75.60248,28.98953],[75.59517,28.98879],[75.58748,28.98266],[75.5659,28.98044],[75.54892,28.96626],[75.52816,28.97035],[75.52206,28.96277],[75.51565,28.96063],[75.51093,28.95378],[75.50964,28.94215],[75.50659,28.93582],[75.49966,28.93369],[75.47785,28.93325],[75.47465,28.92267],[75.49086,28.90075],[75.49758,28.89601],[75.49937,28.86899],[75.49774,28.85842],[75.50006,28.84832],[75.50873,28.83913],[75.51622,28.83975],[75.52054,28.83442],[75.51944,28.81659],[75.5042,28.7834],[75.51148,28.78102],[75.51741,28.7707],[75.52195,28.76878],[75.52301,28.76093],[75.53539,28.74269],[75.5394,28.72702],[75.54072,28.69418],[75.54494,28.68409],[75.5452,28.67426],[75.54245,28.66036],[75.54899,28.64403],[75.55607,28.64325],[75.56189,28.63558],[75.56241,28.61315],[75.58751,28.61289],[75.58899,28.6074],[75.60114,28.60416],[75.61982,28.60321],[75.62494,28.59557],[75.6241,28.58894],[75.62651,28.57634],[75.62644,28.56594],[75.63201,28.55477],[75.63436,28.54437],[75.6551,28.53636],[75.66668,28.53593],[75.67053,28.52976],[75.67301,28.5166],[75.68507,28.51091],[75.6911,28.49978],[75.70177,28.49252],[75.70985,28.49347],[75.72647,28.48945],[75.73537,28.48459],[75.73654,28.46878],[75.76785,28.46125],[75.78916,28.4535],[75.79286,28.44268],[75.78938,28.43351],[75.78171,28.43283],[75.78065,28.42744],[75.77058,28.42272],[75.7711,28.41218],[75.77784,28.40034],[75.78625,28.40206],[75.79543,28.39956],[75.80043,28.4071],[75.81068,28.40578],[75.81953,28.40986],[75.82291,28.40306],[75.83276,28.40548],[75.8409,28.39409],[75.84629,28.39157],[75.88807,28.38476],[75.89722,28.39002],[75.89977,28.40829],[75.89823,28.41672],[75.90415,28.42675],[75.90439,28.43169],[75.94557,28.43686],[75.95426,28.43586],[75.96997,28.44259],[75.98414,28.44491],[75.99019,28.44061],[76.01437,28.43386],[76.01081,28.40857],[76.01927,28.40896],[76.01575,28.39542],[76.01863,28.38581],[76.02816,28.38602],[76.04336,28.39167],[76.06143,28.38993],[76.08295,28.39276],[76.08247,28.39615],[76.08945,28.40606],[76.08996,28.41935],[76.09408,28.42821],[76.10626,28.43908],[76.10816,28.44678],[76.11957,28.45349],[76.14341,28.45291],[76.14971,28.45151],[76.15386,28.46343],[76.16034,28.46215],[76.16655,28.44102],[76.16695,28.43133],[76.18415,28.42956],[76.18975,28.44319],[76.21271,28.44298],[76.21542,28.46002],[76.21881,28.46883],[76.23212,28.46666],[76.24559,28.45908],[76.24504,28.44192],[76.24814,28.43777],[76.26658,28.43731],[76.26682,28.43526],[76.28564,28.43151],[76.29132,28.43987],[76.28946,28.44679],[76.29076,28.4577],[76.29914,28.46103],[76.31164,28.45753],[76.31778,28.46222],[76.33298,28.48105],[76.32946,28.48525],[76.31572,28.47561],[76.28434,28.47979]]]},"properties":{"id":12,"name":"Bhiwani","state":"Haryana"}},{"type":"Feature","geometry":{"type":"Polygon","coordinates":[[[76.28564,28.43151],[76.26682,28.43526],[76.26658,28.43731],[76.24814,28.43777],[76.24504,28.44192],[76.24559,28.45908],[76.23212,28.46666],[76.21881,28.46883],[76.21542,28.46002],[76.21271,28.44298],[76.18975,28.44319],[76.18415,28.42956],[76.16695,28.43133],[76.16655,28.44102],[76.16034,28.46215],[76.15386,28.46343],[76.14971,28.45151],[76.14341,28.45291],[76.11957,28.45349],[76.10816,28.44678],[76.10626,28.43908],[76.09408,28.42821],[76.08996,28.41935],[76.08945,28.40606],[76.08247,28.39615],[76.08295,28.39276],[76.06143,28.38993],[76.04336,28.39167],[76.02816,28.38602],[76.01863,28.38581],[76.01575,28.39542],[76.01927,28.40896],[76.01081,28.40857],[76.01437,28.43386],[75.99019,28.44061],[75.98414,28.44491],[75.96997,28.44259],[75.95426,28.43586],[75.94557,28.43686],[75.90439,28.43169],[75.90415,28.42675],[75.89823,28.41672],[75.89977,28.40829],[75.89722,28.39002],[75.90108,28.37799],[75.90939,28.37085],[75.91742,28.37181],[75.9303,28.35909],[75.93066,28.3465],[75.93383,28.33655],[75.93936,28.33728],[75.95529,28.33405],[75.95866,28.31386],[75.9732,28.31854],[75.97892,28.30927],[75.97881,28.30181],[75.98707,28.29306],[76.02717,28.27498],[76.01614,28.25316],[76.01407,28.244],[76.0191,28.2352],[76.02741,28.2326],[76.04112,28.22192],[76.05676,28.22006],[76.05658,28.21256],[76.05235,28.19624],[76.07277,28.19428],[76.07523,28.19008],[76.07485,28.17354],[76.07692,28.16889],[76.09628,28.15082],[76.09583,28.14136],[76.08525,28.13688],[76.07656,28.13693],[76.06622,28.14148],[76.07161,28.16482],[76.06243,28.16674],[76.04203,28.16552],[76.03264,28.16781],[76.02758,28.16447],[76.01784,28.15033],[76.00834,28.1531],[76.00531,28.14868],[75.99991,28.12316],[75.98904,28.125],[75.97752,28.12471],[75.96825,28.11378],[75.96308,28.11486],[75.94684,28.10762],[75.93948,28.0879],[75.95199,28.0857],[75.96598,28.08037],[75.97311,28.08323],[75.98424,28.08131],[75.9837,28.07661],[75.98948,28.06897],[75.98323,28.0571],[75.97591,28.05067],[75.99344,28.0462],[76.00083,28.05721],[76.00829,28.05865],[76.01072,28.06759],[76.01681,28.07346],[76.02417,28.08597],[76.03758,28.07872],[76.04164,28.07401],[76.03456,28.0633],[76.0262,28.0542],[76.01798,28.05267],[76.01953,28.04197],[76.01726,28.03047],[75.99859,28.03298],[75.99437,28.03517],[75.9778,28.03134],[75.97189,28.01658],[75.99606,28.00875],[75.99071,27.99536],[75.97979,27.99998],[75.9673,27.9988],[75.96651,27.98403],[75.98678,27.97859],[75.99072,27.9823],[75.99911,27.97869],[75.98865,27.96781],[75.9828,27.96551],[75.97814,27.95427],[75.9815,27.94914],[75.97368,27.93222],[75.95936,27.93605],[75.9547,27.94399],[75.94899,27.94686],[75.9381,27.93967],[75.93433,27.92897],[75.93963,27.92439],[75.93547,27.9187],[75.94316,27.91337],[75.95245,27.9145],[75.97241,27.91315],[75.98784,27.90371],[75.97332,27.89167],[75.98523,27.88243],[75.97823,27.87426],[75.97967,27.8659],[75.97236,27.8603],[75.97142,27.85229],[75.98799,27.84214],[76.00549,27.83442],[76.0104,27.8415],[76.0371,27.83738],[76.04172,27.84126],[76.04851,27.83513],[76.06149,27.84827],[76.07651,27.84346],[76.08765,27.84794],[76.08951,27.86064],[76.09929,27.85661],[76.10673,27.85608],[76.11616,27.85045],[76.12416,27.85101],[76.12863,27.8437],[76.13623,27.83927],[76.1331,27.82446],[76.1545,27.81972],[76.17298,27.80514],[76.17303,27.80003],[76.18259,27.79722],[76.19414,27.80913],[76.20148,27.82143],[76.21051,27.81614],[76.21886,27.81655],[76.22686,27.83324],[76.21074,27.83989],[76.21405,27.84632],[76.19569,27.85938],[76.19542,27.87402],[76.20189,27.87788],[76.20313,27.89269],[76.18687,27.89921],[76.17004,27.90326],[76.16962,27.91057],[76.17577,27.9297],[76.1789,27.92954],[76.18428,27.95181],[76.18434,27.96188],[76.18848,27.96537],[76.16534,27.9733],[76.16852,27.98313],[76.15944,27.98709],[76.16229,27.99826],[76.17143,28.0073],[76.17528,28.01647],[76.18186,28.0214],[76.19766,28.01544],[76.20518,28.0279],[76.21631,28.02622],[76.21799,28.0354],[76.20451,28.03775],[76.20259,28.02931],[76.19677,28.03089],[76.17982,28.04548],[76.18166,28.05416],[76.19138,28.05633],[76.21042,28.05583],[76.20944,28.05223],[76.22983,28.04803],[76.23949,28.04953],[76.24481,28.06424],[76.26178,28.06749],[76.28391,28.05733],[76.28499,28.05146],[76.29437,28.04917],[76.29199,28.03454],[76.29296,28.02584],[76.29973,28.0225],[76.32261,28.01577],[76.3303,28.01827],[76.34246,28.0285],[76.35146,28.04575],[76.35841,28.06735],[76.34553,28.07141],[76.33487,28.07671],[76.33095,28.08737],[76.32064,28.08869],[76.30361,28.09707],[76.31115,28.10806],[76.31946,28.10764],[76.33839,28.10238],[76.35232,28.11407],[76.36174,28.12479],[76.35693,28.12738],[76.33502,28.13344],[76.32816,28.14601],[76.3161,28.15047],[76.31192,28.1455],[76.29947,28.14899],[76.30524,28.1547],[76.30335,28.15988],[76.28517,28.16383],[76.28432,28.17115],[76.29144,28.17006],[76.29415,28.1791],[76.30685,28.17555],[76.3124,28.17802],[76.3107,28.19089],[76.30448,28.19322],[76.306,28.20348],[76.31531,28.20312],[76.32152,28.20629],[76.32881,28.22394],[76.34163,28.22274],[76.34696,28.23674],[76.35111,28.26056],[76.34304,28.26683],[76.35232,28.28065],[76.3525,28.29013],[76.34803,28.29625],[76.3473,28.30644],[76.35636,28.31012],[76.35864,28.32024],[76.36826,28.32269],[76.36856,28.33539],[76.35746,28.34346],[76.35811,28.35521],[76.35569,28.36557],[76.34788,28.36618],[76.33515,28.36269],[76.32942,28.36409],[76.3286,28.37172],[76.30558,28.37649],[76.29835,28.3827],[76.30006,28.39836],[76.30259,28.40146],[76.28104,28.40526],[76.28863,28.42835],[76.28564,28.43151]]]},"properties":{"id":14,"name":"Mahendragarh","state":"Haryana"}},{"type":"Feature","geometry":{"type":"Polygon","coordinates":[[[78.10092,28.85628],[78.09415,28.87198],[78.08636,28.87287],[78.08331,28.88053],[78.06423,28.8925],[78.06281,28.90006],[78.07157,28.91462],[78.07176,28.91834],[78.08422,28.9471],[78.08632,28.96031],[78.09758,28.98376],[78.09562,29.00011],[78.10179,29.0256],[78.09817,29.03442],[78.09637,29.04557],[78.09921,29.05196],[78.08853,29.05891],[78.08529,29.06796],[78.09315,29.07822],[78.10649,29.08333],[78.11666,29.09707],[78.11834,29.1108],[78.11104,29.12109],[78.10986,29.14004],[78.11235,29.14795],[78.11982,29.15934],[78.13646,29.16516],[78.14322,29.17988],[78.14081,29.19128],[78.12762,29.20525],[78.12657,29.21748],[78.13077,29.22983],[78.13021,29.23557],[78.13773,29.25328],[78.11521,29.25411],[78.11012,29.25121],[78.10242,29.25513],[78.09405,29.25607],[78.0831,29.26088],[78.03777,29.26168],[78.02312,29.24793],[78.0006,29.24889],[77.99172,29.23406],[77.9788,29.23751],[77.96377,29.22777],[77.95569,29.23113],[77.94478,29.23038],[77.93528,29.22445],[77.92988,29.20961],[77.91907,29.20939],[77.91229,29.21189],[77.90251,29.20565],[77.89253,29.21182],[77.88335,29.21367],[77.86939,29.22229],[77.8638,29.2171],[77.85799,29.20363],[77.85306,29.19752],[77.82337,29.19439],[77.81251,29.1953],[77.80452,29.18032],[77.79132,29.18168],[77.78271,29.18025],[77.78495,29.19526],[77.75112,29.21426],[77.73695,29.21471],[77.72052,29.22198],[77.71006,29.21999],[77.69442,29.22328],[77.69568,29.2337],[77.68497,29.24018],[77.68572,29.24568],[77.66575,29.24986],[77.65797,29.24301],[77.65197,29.22253],[77.64102,29.22272],[77.6346,29.22547],[77.62841,29.23648],[77.6259,29.24701],[77.61919,29.25054],[77.60633,29.25237],[77.59155,29.26136],[77.58983,29.25581],[77.57867,29.24835],[77.57103,29.23838],[77.57219,29.23104],[77.55779,29.22177],[77.55135,29.22246],[77.54398,29.21368],[77.53748,29.21234],[77.53298,29.20229],[77.52244,29.20235],[77.50811,29.19002],[77.49978,29.17924],[77.47768,29.18297],[77.47431,29.17783],[77.48046,29.15949],[77.48081,29.14334],[77.47398,29.13713],[77.46212,29.13641],[77.46289,29.12604],[77.4591,29.12308],[77.44759,29.12097],[77.44809,29.11035],[77.44271,29.10471],[77.43988,29.09525],[77.43292,29.08597],[77.43587,29.0766],[77.45187,29.07372],[77.46025,29.06709],[77.45502,29.05397],[77.45127,29.0358],[77.45254,29.02761],[77.46253,29.02294],[77.46454,29.01839],[77.46318,29.0046],[77.46652,28.98872],[77.47781,28.9604],[77.46963,28.94433],[77.46864,28.92524],[77.46224,28.9203],[77.46244,28.90548],[77.49313,28.89952],[77.49877,28.89578],[77.509,28.90065],[77.51925,28.89425],[77.53635,28.88808],[77.5496,28.88993],[77.55895,28.89574],[77.57145,28.88849],[77.58175,28.88803],[77.59162,28.89107],[77.59474,28.87846],[77.61409,28.87254],[77.61784,28.87805],[77.656,28.87869],[77.66091,28.86852],[77.67579,28.871],[77.68758,28.87701],[77.6938,28.87487],[77.70078,28.85783],[77.7077,28.84815],[77.70513,28.84561],[77.70826,28.83668],[77.70356,28.8235],[77.71661,28.81336],[77.71876,28.80888],[77.71784,28.7874],[77.70249,28.77518],[77.69615,28.77517],[77.6915,28.7578],[77.69825,28.74325],[77.70414,28.73879],[77.71459,28.74021],[77.7331,28.73633],[77.73809,28.74181],[77.75241,28.74944],[77.76235,28.74799],[77.76872,28.75646],[77.78286,28.76123],[77.78842,28.76725],[77.78431,28.77622],[77.79312,28.78583],[77.80448,28.78402],[77.8103,28.78559],[77.81262,28.79278],[77.82478,28.79368],[77.82938,28.79717],[77.844,28.79867],[77.84676,28.80239],[77.85481,28.8013],[77.86871,28.79447],[77.87211,28.79972],[77.86867,28.82229],[77.87186,28.82858],[77.8618,28.83379],[77.86452,28.8402],[77.86277,28.85321],[77.86913,28.86188],[77.87343,28.86354],[77.88852,28.85634],[77.89148,28.86426],[77.89774,28.86612],[77.92771,28.85469],[77.93049,28.84939],[77.93013,28.83913],[77.93606,28.83639],[77.9469,28.84481],[77.95848,28.8451],[77.96243,28.84161],[77.96942,28.84326],[77.97768,28.85613],[77.98838,28.85711],[77.99585,28.85107],[78.01269,28.86022],[78.02925,28.86013],[78.03522,28.86307],[78.04348,28.86094],[78.0587,28.85378],[78.06878,28.854],[78.08977,28.85104],[78.09312,28.85518],[78.10092,28.85628]]]},"properties":{"id":15,"name":"Meerut","state":"Uttar Pradesh"}},{"type":"Feature","geometry":{"type":"Polygon","coordinates":[[[77.70414,28.73879],[77.69825,28.74325],[77.6915,28.7578],[77.69615,28.77517],[77.70249,28.77518],[77.71784,28.7874],[77.71876,28.80888],[77.71661,28.81336],[77.70356,28.8235],[77.70826,28.83668],[77.70513,28.84561],[77.7077,28.84815],[77.70078,28.85783],[77.6938,28.87487],[77.68758,28.87701],[77.67579,28.871],[77.66091,28.86852],[77.656,28.87869],[77.61784,28.87805],[77.61409,28.87254],[77.59474,28.87846],[77.59162,28.89107],[77.58175,28.88803],[77.57145,28.88849],[77.55895,28.89574],[77.5496,28.88993],[77.53635,28.88808],[77.51925,28.89425],[77.509,28.90065],[77.49877,28.89578],[77.49313,28.89952],[77.46244,28.90548],[77.46224,28.9203],[77.4605,28.92565],[77.44757,28.92494],[77.44075,28.90851],[77.42466,28.87998],[77.40966,28.87495],[77.4103,28.84865],[77.42023,28.84358],[77.41816,28.83567],[77.39876,28.8282],[77.41049,28.81781],[77.40581,28.80967],[77.4059,28.80319],[77.41347,28.79099],[77.41326,28.78168],[77.40846,28.77639],[77.37043,28.78534],[77.36587,28.79105],[77.36413,28.80149],[77.35451,28.80417],[77.34638,28.79478],[77.33326,28.80035],[77.32559,28.7947],[77.30826,28.79108],[77.30551,28.79678],[77.30628,28.8078],[77.30195,28.80997],[77.29957,28.82465],[77.28802,28.8334],[77.26333,28.83122],[77.25893,28.82395],[77.2453,28.82105],[77.23598,28.82781],[77.22376,28.8269],[77.22029,28.83006],[77.21832,28.80886],[77.20184,28.81253],[77.199,28.79989],[77.20729,28.78858],[77.21433,28.78559],[77.22845,28.78664],[77.23425,28.7837],[77.22322,28.77768],[77.23499,28.77099],[77.2351,28.76126],[77.24854,28.75551],[77.25687,28.75674],[77.25946,28.75239],[77.25569,28.73879],[77.2604,28.7347],[77.27504,28.7361],[77.29081,28.72221],[77.28749,28.70981],[77.29592,28.70458],[77.30624,28.71354],[77.31616,28.71271],[77.32603,28.70938],[77.32348,28.69848],[77.33317,28.68156],[77.32383,28.67621],[77.32027,28.65172],[77.31599,28.64117],[77.32624,28.63227],[77.33042,28.63122],[77.33396,28.63237],[77.38093,28.63212],[77.40352,28.63873],[77.41352,28.6297],[77.41737,28.61887],[77.42685,28.62635],[77.45705,28.61622],[77.46789,28.62021],[77.47148,28.61605],[77.48402,28.62707],[77.49493,28.6226],[77.5045,28.62468],[77.52063,28.61214],[77.53489,28.61615],[77.54118,28.61524],[77.55108,28.6257],[77.547,28.63528],[77.53418,28.64055],[77.53496,28.65354],[77.53749,28.66166],[77.55037,28.66538],[77.55757,28.67682],[77.56357,28.68244],[77.58304,28.68159],[77.59571,28.69361],[77.61235,28.70371],[77.61431,28.71071],[77.62269,28.71727],[77.63628,28.71101],[77.63204,28.70393],[77.63953,28.69735],[77.65599,28.70225],[77.66968,28.69825],[77.6746,28.70972],[77.67394,28.71738],[77.68753,28.71983],[77.69442,28.73451],[77.70414,28.73879]]]},"properties":{"id":16,"name":"Ghaziabad","state":"Uttar Pradesh"}},{"type":"Feature","geometry":{"type":"Polygon","coordinates":[[[77.53256,28.60356],[77.54118,28.61524],[77.53489,28.61615],[77.52063,28.61214],[77.5045,28.62468],[77.49493,28.6226],[77.48402,28.62707],[77.47148,28.61605],[77.46789,28.62021],[77.45705,28.61622],[77.42685,28.62635],[77.41737,28.61887],[77.41352,28.6297],[77.40352,28.63873],[77.38093,28.63212],[77.33396,28.63237],[77.33042,28.63122],[77.34238,28.6222],[77.34143,28.60551],[77.3262,28.59829],[77.31341,28.59718],[77.2996,28.57947],[77.29686,28.56656],[77.3023,28.55412],[77.33438,28.52721],[77.34843,28.50876],[77.35152,28.49989],[77.35849,28.50141],[77.3726,28.49843],[77.37087,28.48571],[77.37554,28.47634],[77.38691,28.46844],[77.39395,28.47181],[77.40478,28.46632],[77.40107,28.45602],[77.41468,28.45246],[77.43434,28.45499],[77.44245,28.4285],[77.46306,28.42385],[77.46427,28.41502],[77.47815,28.41885],[77.4845,28.40892],[77.481,28.39849],[77.47428,28.39687],[77.48409,28.38746],[77.49352,28.38346],[77.50383,28.3683],[77.50568,28.36235],[77.49687,28.3491],[77.48748,28.34304],[77.47273,28.33629],[77.47228,28.32844],[77.48275,28.32511],[77.49706,28.31447],[77.50673,28.30406],[77.50221,28.28358],[77.49501,28.27264],[77.49139,28.27119],[77.49308,28.25185],[77.49938,28.24758],[77.50569,28.25055],[77.51969,28.24238],[77.52535,28.24574],[77.53351,28.24525],[77.54515,28.24867],[77.55,28.23998],[77.52637,28.22871],[77.522,28.22019],[77.53425,28.21373],[77.53501,28.20338],[77.526,28.1959],[77.51784,28.20473],[77.50285,28.20958],[77.4975,28.20458],[77.50027,28.19494],[77.49903,28.1845],[77.50405,28.18084],[77.51559,28.1926],[77.51985,28.19274],[77.52863,28.18666],[77.54423,28.19123],[77.55028,28.18],[77.54238,28.16803],[77.52307,28.16123],[77.51252,28.1668],[77.50236,28.16078],[77.50517,28.15025],[77.50247,28.14278],[77.49361,28.13917],[77.49419,28.13291],[77.50451,28.13212],[77.51194,28.12855],[77.51036,28.12041],[77.50246,28.11479],[77.49854,28.10444],[77.50118,28.09699],[77.49419,28.09437],[77.49087,28.10486],[77.48275,28.107],[77.48246,28.09963],[77.47751,28.08659],[77.48384,28.07817],[77.50801,28.0761],[77.5189,28.07984],[77.52651,28.07666],[77.53952,28.08068],[77.54985,28.07872],[77.57318,28.07934],[77.58438,28.09097],[77.60309,28.10119],[77.60928,28.10835],[77.61992,28.09445],[77.63295,28.09805],[77.64226,28.09368],[77.65408,28.10381],[77.65894,28.11191],[77.67449,28.10844],[77.68892,28.12593],[77.69078,28.13612],[77.69031,28.1465],[77.68629,28.16011],[77.67717,28.17465],[77.67052,28.18177],[77.66742,28.19445],[77.67005,28.23512],[77.6662,28.24525],[77.64283,28.24672],[77.6368,28.24997],[77.63015,28.26111],[77.62442,28.2794],[77.61407,28.28895],[77.61468,28.3007],[77.6184,28.30627],[77.62768,28.31122],[77.63139,28.3174],[77.63139,28.32792],[77.63448,28.34401],[77.64129,28.36257],[77.64624,28.38298],[77.63369,28.40414],[77.63569,28.41176],[77.63254,28.4179],[77.62022,28.43355],[77.62298,28.44394],[77.63423,28.44661],[77.64109,28.45048],[77.64281,28.46167],[77.63974,28.47817],[77.65307,28.48448],[77.67969,28.49377],[77.69228,28.50455],[77.69848,28.51679],[77.69859,28.54478],[77.69072,28.54766],[77.67839,28.55778],[77.67683,28.5649],[77.67853,28.57585],[77.67122,28.58499],[77.65793,28.5827],[77.65359,28.58558],[77.65152,28.59395],[77.64295,28.59424],[77.64167,28.58624],[77.63662,28.5765],[77.63058,28.5746],[77.62186,28.57628],[77.61786,28.58631],[77.60816,28.59541],[77.58994,28.60145],[77.58793,28.60729],[77.57931,28.60968],[77.56535,28.61746],[77.55794,28.61529],[77.55758,28.60794],[77.55018,28.60512],[77.55185,28.59924],[77.54456,28.59413],[77.53256,28.60356]]]},"properties":{"id":17,"name":"Gautam Buddh Nagar","state":"Uttar Pradesh"}},{"type":"Feature","geometry":{"type":"Polygon","coordinates":[[[78.28476,28.37184],[78.29442,28.38313],[78.29853,28.39477],[78.28578,28.40754],[78.28189,28.42051],[78.28527,28.43421],[78.30683,28.44949],[78.30549,28.45865],[78.28155,28.46703],[78.27791,28.46991],[78.27775,28.48463],[78.27554,28.48842],[78.26704,28.4871],[78.2568,28.47681],[78.23961,28.48372],[78.2201,28.49586],[78.21422,28.51014],[78.21631,28.52527],[78.22173,28.53134],[78.21664,28.54961],[78.23007,28.57303],[78.20904,28.61781],[78.18972,28.62174],[78.15806,28.63927],[78.14753,28.64125],[78.12818,28.64195],[78.11542,28.64024],[78.09852,28.65031],[78.08578,28.66731],[78.079,28.66906],[78.0473,28.66776],[78.0362,28.67248],[78.02117,28.6889],[78.00903,28.69361],[77.99354,28.69323],[77.97573,28.70108],[77.95341,28.69814],[77.93915,28.69245],[77.90881,28.66517],[77.90457,28.65843],[77.90502,28.64822],[77.90187,28.63959],[77.89609,28.63704],[77.8811,28.63794],[77.85955,28.65141],[77.85061,28.64579],[77.84577,28.6371],[77.83026,28.62588],[77.80182,28.61164],[77.78764,28.59062],[77.7809,28.5862],[77.76035,28.58254],[77.75475,28.57604],[77.74763,28.56112],[77.72907,28.55402],[77.72007,28.5572],[77.70947,28.55732],[77.70302,28.55227],[77.69859,28.54478],[77.69848,28.51679],[77.69228,28.50455],[77.67969,28.49377],[77.65307,28.48448],[77.63974,28.47817],[77.64281,28.46167],[77.64109,28.45048],[77.63423,28.44661],[77.62298,28.44394],[77.62022,28.43355],[77.63254,28.4179],[77.63569,28.41176],[77.63369,28.40414],[77.64624,28.38298],[77.64129,28.36257],[77.63448,28.34401],[77.63139,28.32792],[77.63139,28.3174],[77.62768,28.31122],[77.6184,28.30627],[77.61468,28.3007],[77.61407,28.28895],[77.62442,28.2794],[77.63015,28.26111],[77.6368,28.24997],[77.64283,28.24672],[77.6662,28.24525],[77.67005,28.23512],[77.66742,28.19445],[77.67052,28.18177],[77.67717,28.17465],[77.68629,28.16011],[77.69031,28.1465],[77.69078,28.13612],[77.68892,28.12593],[77.67449,28.10844],[77.67622,28.10332],[77.69779,28.07888],[77.70654,28.08115],[77.71808,28.07949],[77.72734,28.08237],[77.73748,28.08844],[77.73185,28.10327],[77.73992,28.11567],[77.73691,28.12326],[77.74346,28.12612],[77.75032,28.13497],[77.74777,28.14245],[77.76209,28.1514],[77.77226,28.13219],[77.77763,28.12697],[77.78611,28.13706],[77.80083,28.13755],[77.81454,28.1398],[77.81037,28.15294],[77.81814,28.15397],[77.83391,28.16183],[77.84604,28.17159],[77.85156,28.16416],[77.84849,28.15795],[77.85442,28.14886],[77.84512,28.1331],[77.85143,28.12719],[77.86266,28.1313],[77.8709,28.12992],[77.87571,28.1235],[77.89726,28.10877],[77.90701,28.107],[77.91494,28.10075],[77.9201,28.09351],[77.92872,28.09621],[77.94047,28.09043],[77.93788,28.07974],[77.94577,28.07762],[77.96453,28.06778],[77.97628,28.065],[78.00969,28.06438],[78.01742,28.06685],[78.03134,28.07737],[78.04836,28.09717],[78.06444,28.10026],[78.07001,28.0984],[78.10651,28.06716],[78.11579,28.05108],[78.11711,28.01851],[78.14067,28.03387],[78.1495,28.04613],[78.15847,28.05015],[78.17193,28.06387],[78.16574,28.0731],[78.1775,28.08532],[78.19199,28.08383],[78.19903,28.08604],[78.22139,28.10846],[78.23232,28.09953],[78.25215,28.10829],[78.25363,28.11404],[78.26084,28.11564],[78.27424,28.11402],[78.28291,28.11953],[78.29657,28.12153],[78.30015,28.11705],[78.31835,28.12249],[78.3351,28.1114],[78.36263,28.06531],[78.37253,28.06067],[78.39123,28.06817],[78.40995,28.06438],[78.42697,28.06933],[78.43439,28.07675],[78.44274,28.08139],[78.46099,28.08263],[78.44083,28.10217],[78.42666,28.1349],[78.39201,28.17512],[78.35489,28.21347],[78.34685,28.22894],[78.34747,28.24317],[78.34252,28.25368],[78.33448,28.26173],[78.31221,28.27596],[78.29226,28.29513],[78.31214,28.30812],[78.31072,28.32168],[78.30558,28.32936],[78.30486,28.33558],[78.28476,28.37184]]]},"properties":{"id":18,"name":"Bulandshahr","state":"Uttar Pradesh"}},{"type":"Feature","geometry":{"type":"Polygon","coordinates":[[[77.15305,29.29744],[77.15017,29.28798],[77.14576,29.28323],[77.13953,29.26602],[77.15019,29.24938],[77.1486,29.23026],[77.13328,29.22227],[77.13256,29.21383],[77.14283,29.20398],[77.14404,29.19434],[77.14092,29.19199],[77.14786,29.18034],[77.14398,29.16681],[77.14383,29.15721],[77.1369,29.1494],[77.13664,29.14185],[77.14848,29.13262],[77.14876,29.11304],[77.13962,29.10795],[77.13476,29.09496],[77.14415,29.08256],[77.16578,29.07644],[77.16946,29.05203],[77.17273,29.04671],[77.1689,29.0328],[77.17975,29.02959],[77.18871,29.02977],[77.19378,29.01306],[77.19142,29.00907],[77.19931,28.98916],[77.20263,28.98838],[77.20313,28.97741],[77.19572,28.96689],[77.19331,28.95838],[77.19753,28.94484],[77.19608,28.93992],[77.20234,28.93352],[77.20821,28.93467],[77.22295,28.92771],[77.22522,28.92298],[77.23312,28.91901],[77.23476,28.91179],[77.23277,28.89724],[77.22791,28.89401],[77.22864,28.88152],[77.22152,28.87843],[77.21037,28.88775],[77.19808,28.88765],[77.19004,28.88124],[77.18982,28.87126],[77.19256,28.86587],[77.20797,28.86214],[77.20755,28.85688],[77.21969,28.84504],[77.22029,28.83006],[77.22376,28.8269],[77.23598,28.82781],[77.2453,28.82105],[77.25893,28.82395],[77.26333,28.83122],[77.28802,28.8334],[77.29957,28.82465],[77.30195,28.80997],[77.30628,28.8078],[77.30551,28.79678],[77.30826,28.79108],[77.32559,28.7947],[77.33326,28.80035],[77.34638,28.79478],[77.35451,28.80417],[77.36413,28.80149],[77.36587,28.79105],[77.37043,28.78534],[77.40846,28.77639],[77.41326,28.78168],[77.41347,28.79099],[77.4059,28.80319],[77.40581,28.80967],[77.41049,28.81781],[77.39876,28.8282],[77.41816,28.83567],[77.42023,28.84358],[77.4103,28.84865],[77.40966,28.87495],[77.42466,28.87998],[77.44075,28.90851],[77.44757,28.92494],[77.4605,28.92565],[77.46224,28.9203],[77.46864,28.92524],[77.46963,28.94433],[77.47781,28.9604],[77.46652,28.98872],[77.46318,29.0046],[77.46454,29.01839],[77.46253,29.02294],[77.45254,29.02761],[77.45127,29.0358],[77.45502,29.05397],[77.46025,29.06709],[77.45187,29.07372],[77.43587,29.0766],[77.43292,29.08597],[77.43988,29.09525],[77.44271,29.10471],[77.44809,29.11035],[77.44759,29.12097],[77.4591,29.12308],[77.46289,29.12604],[77.46212,29.13641],[77.47398,29.13713],[77.48081,29.14334],[77.48046,29.15949],[77.47431,29.17783],[77.47768,29.18297],[77.49978,29.17924],[77.50811,29.19002],[77.49788,29.19796],[77.48813,29.19602],[77.48339,29.20288],[77.46408,29.2195],[77.46109,29.22718],[77.45068,29.22504],[77.43702,29.23071],[77.42959,29.23133],[77.42393,29.23715],[77.41132,29.24493],[77.39697,29.24799],[77.38975,29.24669],[77.38312,29.23578],[77.36508,29.23956],[77.35589,29.23913],[77.33293,29.2481],[77.32542,29.25374],[77.31014,29.26087],[77.29911,29.25725],[77.28297,29.26657],[77.27099,29.2645],[77.25702,29.26835],[77.25481,29.27843],[77.24042,29.27997],[77.20764,29.27408],[77.18788,29.2799],[77.18727,29.28726],[77.18306,29.29034],[77.16113,29.29386],[77.15305,29.29744]]]},"properties":{"id":19,"name":"Baghpat","state":"Uttar Pradesh"}},{"type":"Feature","geometry":{"type":"Polygon","coordinates":[[[77.53256,28.60356],[77.54456,28.59413],[77.55185,28.59924],[77.55018,28.60512],[77.55758,28.60794],[77.55794,28.61529],[77.56535,28.61746],[77.57931,28.60968],[77.58793,28.60729],[77.58994,28.60145],[77.60816,28.59541],[77.61786,28.58631],[77.62186,28.57628],[77.63058,28.5746],[77.63662,28.5765],[77.64167,28.58624],[77.64295,28.59424],[77.65152,28.59395],[77.65359,28.58558],[77.65793,28.5827],[77.67122,28.58499],[77.67853,28.57585],[77.67683,28.5649],[77.67839,28.55778],[77.69072,28.54766],[77.69859,28.54478],[77.70302,28.55227],[77.70947,28.55732],[77.72007,28.5572],[77.72907,28.55402],[77.74763,28.56112],[77.75475,28.57604],[77.76035,28.58254],[77.7809,28.5862],[77.78764,28.59062],[77.80182,28.61164],[77.83026,28.62588],[77.84577,28.6371],[77.85061,28.64579],[77.85955,28.65141],[77.8811,28.63794],[77.89609,28.63704],[77.90187,28.63959],[77.90502,28.64822],[77.90457,28.65843],[77.90881,28.66517],[77.93915,28.69245],[77.95341,28.69814],[77.97573,28.70108],[77.99354,28.69323],[78.00903,28.69361],[78.02117,28.6889],[78.0362,28.67248],[78.0473,28.66776],[78.079,28.66906],[78.08578,28.66731],[78.09852,28.65031],[78.11542,28.64024],[78.12818,28.64195],[78.14753,28.64125],[78.15806,28.63927],[78.18972,28.62174],[78.20904,28.61781],[78.19857,28.64783],[78.19357,28.67023],[78.18437,28.67749],[78.17501,28.69167],[78.1473,28.71174],[78.14184,28.72099],[78.14144,28.74235],[78.1353,28.75702],[78.1343,28.77116],[78.12476,28.77614],[78.11937,28.788],[78.12162,28.79743],[78.11965,28.81375],[78.10907,28.81901],[78.10168,28.83011],[78.10659,28.83727],[78.10356,28.84424],[78.10732,28.84697],[78.10092,28.85628],[78.09312,28.85518],[78.08977,28.85104],[78.06878,28.854],[78.0587,28.85378],[78.04348,28.86094],[78.03522,28.86307],[78.02925,28.86013],[78.01269,28.86022],[77.99585,28.85107],[77.98838,28.85711],[77.97768,28.85613],[77.96942,28.84326],[77.96243,28.84161],[77.95848,28.8451],[77.9469,28.84481],[77.93606,28.83639],[77.93013,28.83913],[77.93049,28.84939],[77.92771,28.85469],[77.89774,28.86612],[77.89148,28.86426],[77.88852,28.85634],[77.87343,28.86354],[77.86913,28.86188],[77.86277,28.85321],[77.86452,28.8402],[77.8618,28.83379],[77.87186,28.82858],[77.86867,28.82229],[77.87211,28.79972],[77.86871,28.79447],[77.85481,28.8013],[77.84676,28.80239],[77.844,28.79867],[77.82938,28.79717],[77.82478,28.79368],[77.81262,28.79278],[77.8103,28.78559],[77.80448,28.78402],[77.79312,28.78583],[77.78431,28.77622],[77.78842,28.76725],[77.78286,28.76123],[77.76872,28.75646],[77.76235,28.74799],[77.75241,28.74944],[77.73809,28.74181],[77.7331,28.73633],[77.71459,28.74021],[77.70414,28.73879],[77.69442,28.73451],[77.68753,28.71983],[77.67394,28.71738],[77.6746,28.70972],[77.66968,28.69825],[77.65599,28.70225],[77.63953,28.69735],[77.63204,28.70393],[77.63628,28.71101],[77.62269,28.71727],[77.61431,28.71071],[77.61235,28.70371],[77.59571,28.69361],[77.58304,28.68159],[77.56357,28.68244],[77.55757,28.67682],[77.55037,28.66538],[77.53749,28.66166],[77.53496,28.65354],[77.53418,28.64055],[77.547,28.63528],[77.55108,28.6257],[77.53256,28.60356]]]},"properties":{"id":20,"name":"Hapur","state":"Uttar Pradesh"}},{"type":"Feature","geometry":{"type":"Polygon","coordinates":[[[77.08455,29.58699],[77.09645,29.58246],[77.10561,29.5718],[77.12172,29.56633],[77.12613,29.55712],[77.12247,29.55301],[77.1085,29.54797],[77.09778,29.5273],[77.09688,29.51922],[77.10177,29.51514],[77.10326,29.50829],[77.1145,29.50606],[77.12146,29.49592],[77.13028,29.48962],[77.13377,29.4796],[77.12361,29.46954],[77.12391,29.45523],[77.13537,29.44703],[77.14519,29.44528],[77.14912,29.43394],[77.14511,29.42642],[77.1337,29.41863],[77.13249,29.4127],[77.13841,29.39509],[77.15502,29.3842],[77.14344,29.37711],[77.12768,29.37548],[77.12398,29.37021],[77.12959,29.3568],[77.12646,29.34957],[77.12869,29.34413],[77.13536,29.33987],[77.14951,29.34125],[77.16043,29.3366],[77.15733,29.31855],[77.16132,29.31214],[77.15898,29.30276],[77.15305,29.29744],[77.16113,29.29386],[77.18306,29.29034],[77.18727,29.28726],[77.18788,29.2799],[77.20764,29.27408],[77.24042,29.27997],[77.25481,29.27843],[77.25702,29.26835],[77.27099,29.2645],[77.28297,29.26657],[77.29911,29.25725],[77.31014,29.26087],[77.32542,29.25374],[77.32825,29.27808],[77.33286,29.28403],[77.34766,29.29633],[77.36265,29.30622],[77.37173,29.30696],[77.38271,29.3108],[77.39587,29.31765],[77.40103,29.32484],[77.4,29.3296],[77.39168,29.34],[77.40327,29.34977],[77.40835,29.34865],[77.41863,29.34009],[77.4189,29.33152],[77.43096,29.32859],[77.44255,29.33264],[77.42933,29.33852],[77.42466,29.34383],[77.4267,29.34895],[77.43955,29.35839],[77.43679,29.37089],[77.42431,29.38566],[77.42437,29.39512],[77.42843,29.40118],[77.43286,29.42545],[77.44829,29.43586],[77.45831,29.44552],[77.44111,29.45757],[77.43733,29.46326],[77.43999,29.47591],[77.44519,29.48226],[77.45065,29.49751],[77.46244,29.50049],[77.46434,29.50779],[77.45014,29.51709],[77.45612,29.53385],[77.461,29.53602],[77.46936,29.53394],[77.47871,29.54449],[77.47573,29.5515],[77.48141,29.56139],[77.49183,29.56134],[77.49553,29.56932],[77.48439,29.57873],[77.49716,29.58877],[77.50047,29.59989],[77.49461,29.60893],[77.49174,29.61993],[77.48367,29.6214],[77.48947,29.6323],[77.4914,29.64187],[77.48683,29.64615],[77.48678,29.65525],[77.47221,29.65688],[77.45992,29.6684],[77.44696,29.66959],[77.44121,29.65863],[77.43346,29.64945],[77.41796,29.65719],[77.41052,29.65168],[77.40312,29.65437],[77.39122,29.64614],[77.38439,29.6473],[77.37481,29.65266],[77.35693,29.6484],[77.34836,29.65017],[77.34238,29.64493],[77.33375,29.64839],[77.32641,29.65458],[77.3114,29.6599],[77.30062,29.67052],[77.28614,29.67379],[77.28231,29.66484],[77.27318,29.66623],[77.26007,29.67456],[77.25787,29.67284],[77.22369,29.69531],[77.22118,29.69206],[77.20604,29.6856],[77.20342,29.67942],[77.1832,29.68268],[77.16363,29.69143],[77.1562,29.68659],[77.1502,29.68903],[77.14278,29.68043],[77.14661,29.67144],[77.13832,29.66671],[77.1415,29.65406],[77.13398,29.64808],[77.13187,29.64168],[77.11883,29.63541],[77.11301,29.63714],[77.1068,29.63129],[77.10388,29.6146],[77.11369,29.61084],[77.11039,29.59708],[77.10103,29.59361],[77.09584,29.59538],[77.08691,29.59301],[77.08455,29.58699]]]},"properties":{"id":21,"name":"Shamli","state":"Uttar Pradesh"}},{"type":"Feature","geometry":{"type":"Polygon","coordinates":[[[77.82447,29.66816],[77.79651,29.6367],[77.79159,29.62854],[77.78335,29.63209],[77.77401,29.624],[77.76569,29.62096],[77.75929,29.61227],[77.74472,29.60368],[77.73593,29.61033],[77.72388,29.61651],[77.7197,29.60838],[77.69744,29.61429],[77.68622,29.59551],[77.6671,29.57397],[77.66236,29.5609],[77.6541,29.56704],[77.65067,29.57955],[77.65104,29.58846],[77.6277,29.60557],[77.62558,29.61283],[77.60101,29.6223],[77.59237,29.62075],[77.56898,29.62624],[77.55419,29.62708],[77.54671,29.63207],[77.53937,29.63332],[77.53303,29.6291],[77.53405,29.62007],[77.52718,29.61982],[77.51648,29.62736],[77.50916,29.62372],[77.50169,29.62521],[77.48947,29.6323],[77.48367,29.6214],[77.49174,29.61993],[77.49461,29.60893],[77.50047,29.59989],[77.49716,29.58877],[77.48439,29.57873],[77.49553,29.56932],[77.49183,29.56134],[77.48141,29.56139],[77.47573,29.5515],[77.47871,29.54449],[77.46936,29.53394],[77.461,29.53602],[77.45612,29.53385],[77.45014,29.51709],[77.46434,29.50779],[77.46244,29.50049],[77.45065,29.49751],[77.44519,29.48226],[77.43999,29.47591],[77.43733,29.46326],[77.44111,29.45757],[77.45831,29.44552],[77.44829,29.43586],[77.43286,29.42545],[77.42843,29.40118],[77.42437,29.39512],[77.42431,29.38566],[77.43679,29.37089],[77.43955,29.35839],[77.4267,29.34895],[77.42466,29.34383],[77.42933,29.33852],[77.44255,29.33264],[77.43096,29.32859],[77.4189,29.33152],[77.41863,29.34009],[77.40835,29.34865],[77.40327,29.34977],[77.39168,29.34],[77.4,29.3296],[77.40103,29.32484],[77.39587,29.31765],[77.38271,29.3108],[77.37173,29.30696],[77.36265,29.30622],[77.34766,29.29633],[77.33286,29.28403],[77.32825,29.27808],[77.32542,29.25374],[77.33293,29.2481],[77.35589,29.23913],[77.36508,29.23956],[77.38312,29.23578],[77.38975,29.24669],[77.39697,29.24799],[77.41132,29.24493],[77.42393,29.23715],[77.42959,29.23133],[77.43702,29.23071],[77.45068,29.22504],[77.46109,29.22718],[77.46408,29.2195],[77.48339,29.20288],[77.48813,29.19602],[77.49788,29.19796],[77.50811,29.19002],[77.52244,29.20235],[77.53298,29.20229],[77.53748,29.21234],[77.54398,29.21368],[77.55135,29.22246],[77.55779,29.22177],[77.57219,29.23104],[77.57103,29.23838],[77.57867,29.24835],[77.58983,29.25581],[77.59155,29.26136],[77.60633,29.25237],[77.61919,29.25054],[77.6259,29.24701],[77.62841,29.23648],[77.6346,29.22547],[77.64102,29.22272],[77.65197,29.22253],[77.65797,29.24301],[77.66575,29.24986],[77.68572,29.24568],[77.68497,29.24018],[77.69568,29.2337],[77.69442,29.22328],[77.71006,29.21999],[77.72052,29.22198],[77.73695,29.21471],[77.75112,29.21426],[77.78495,29.19526],[77.78271,29.18025],[77.79132,29.18168],[77.80452,29.18032],[77.81251,29.1953],[77.82337,29.19439],[77.85306,29.19752],[77.85799,29.20363],[77.8638,29.2171],[77.86939,29.22229],[77.88335,29.21367],[77.89253,29.21182],[77.90251,29.20565],[77.91229,29.21189],[77.91907,29.20939],[77.92988,29.20961],[77.93528,29.22445],[77.94478,29.23038],[77.95569,29.23113],[77.96377,29.22777],[77.9788,29.23751],[77.99172,29.23406],[78.0006,29.24889],[78.02312,29.24793],[78.03777,29.26168],[78.0831,29.26088],[78.09405,29.25607],[78.10242,29.25513],[78.11012,29.25121],[78.11521,29.25411],[78.13773,29.25328],[78.13757,29.26023],[78.1282,29.28136],[78.12202,29.28831],[78.11953,29.29878],[78.11367,29.31056],[78.1104,29.32358],[78.08886,29.34082],[78.08572,29.35562],[78.08052,29.35887],[78.06878,29.35901],[78.0623,29.3703],[78.05162,29.37713],[78.04951,29.38876],[78.05435,29.39436],[78.0659,29.4018],[78.06312,29.41098],[78.05462,29.41166],[78.04504,29.42486],[78.0348,29.43485],[78.0329,29.44777],[78.0299,29.45262],[78.01754,29.462],[78.01821,29.47011],[78.00961,29.46811],[78.0006,29.47543],[77.99411,29.49313],[77.99651,29.53769],[78.00674,29.54933],[78.02222,29.55555],[77.99949,29.59119],[77.98845,29.58065],[77.96721,29.58203],[77.9696,29.59462],[77.9799,29.60782],[77.99206,29.62797],[77.99333,29.63478],[77.98981,29.6389],[77.99152,29.64802],[77.98737,29.65678],[77.98097,29.65987],[77.97193,29.66985],[77.96359,29.67215],[77.96415,29.67713],[77.95629,29.68323],[77.95379,29.69581],[77.94271,29.70823],[77.92875,29.7107],[77.91338,29.69236],[77.90396,29.69771],[77.89265,29.69512],[77.88246,29.69683],[77.8769,29.68391],[77.86525,29.68547],[77.85802,29.67674],[77.83542,29.6643],[77.82447,29.66816]]]},"properties":{"id":22,"name":"Muzaffarnagar","state":"Uttar Pradesh"}},{"type":"Feature","geometry":{"type":"Polygon","coordinates":[[[76.28987,27.10235],[76.28864,27.0725],[76.29411,27.06378],[76.3044,27.06504],[76.32965,27.06177],[76.33908,27.05601],[76.34313,27.0619],[76.35114,27.06138],[76.36513,27.05618],[76.37237,27.06606],[76.38489,27.0773],[76.39442,27.08355],[76.40155,27.08539],[76.40613,27.09663],[76.4101,27.12601],[76.42159,27.13066],[76.4339,27.13318],[76.43581,27.12938],[76.43845,27.10985],[76.4445,27.09152],[76.44918,27.08597],[76.46519,27.07793],[76.47365,27.07901],[76.4744,27.08863],[76.47974,27.0913],[76.48096,27.09867],[76.48586,27.09962],[76.48777,27.10693],[76.49505,27.11361],[76.51063,27.11803],[76.52372,27.11826],[76.53398,27.12817],[76.55083,27.1317],[76.56204,27.14289],[76.55423,27.14986],[76.56323,27.17495],[76.57144,27.17115],[76.57683,27.17724],[76.5873,27.17624],[76.5959,27.1781],[76.62206,27.17726],[76.64635,27.16734],[76.65448,27.16613],[76.63088,27.1403],[76.62707,27.12871],[76.63591,27.12415],[76.63247,27.11061],[76.63897,27.10621],[76.63843,27.09875],[76.64442,27.09481],[76.66148,27.0977],[76.67367,27.09494],[76.67923,27.11158],[76.68974,27.11464],[76.70919,27.11565],[76.72181,27.11036],[76.73094,27.10893],[76.7407,27.11159],[76.76258,27.1077],[76.77815,27.11364],[76.79159,27.11489],[76.79237,27.12409],[76.79797,27.13672],[76.80419,27.12944],[76.81707,27.12307],[76.8084,27.10502],[76.81902,27.08691],[76.81943,27.07995],[76.82552,27.07727],[76.83657,27.07658],[76.84032,27.08728],[76.84265,27.11404],[76.8349,27.11868],[76.82775,27.13424],[76.83454,27.14643],[76.83191,27.16312],[76.84137,27.16287],[76.85151,27.17257],[76.85419,27.1892],[76.8457,27.19598],[76.84339,27.20441],[76.85179,27.21249],[76.85991,27.20809],[76.87287,27.23127],[76.89072,27.22483],[76.89893,27.23306],[76.90733,27.23017],[76.90321,27.22328],[76.91031,27.2069],[76.90985,27.18676],[76.91388,27.17794],[76.90068,27.17613],[76.90168,27.16282],[76.9235,27.15098],[76.92321,27.14379],[76.93767,27.13888],[76.94885,27.1407],[76.95013,27.14686],[76.96562,27.14613],[76.96299,27.15739],[76.96931,27.16922],[76.97205,27.17911],[76.98117,27.17602],[77.00447,27.15636],[77.02703,27.16643],[77.03107,27.15522],[77.03911,27.15804],[77.05534,27.15666],[77.06044,27.15224],[77.07244,27.16241],[77.09241,27.16014],[77.09821,27.16371],[77.09718,27.17151],[77.0862,27.17697],[77.08396,27.18179],[77.08907,27.19251],[77.08355,27.19927],[77.06771,27.20887],[77.05851,27.2102],[77.04688,27.21699],[77.04783,27.22437],[77.05379,27.23306],[77.05945,27.23509],[77.06486,27.23129],[77.07791,27.23158],[77.08777,27.23838],[77.09368,27.24775],[77.10187,27.24173],[77.11065,27.2448],[77.11654,27.25025],[77.12415,27.25228],[77.13122,27.27695],[77.13684,27.28894],[77.14353,27.29772],[77.1479,27.31136],[77.16189,27.31325],[77.17627,27.31942],[77.18388,27.319],[77.1967,27.32213],[77.20339,27.32578],[77.20946,27.33583],[77.21018,27.34886],[77.19528,27.3549],[77.17972,27.35155],[77.1657,27.34636],[77.14146,27.34631],[77.12488,27.35234],[77.12156,27.34196],[77.10965,27.34567],[77.11556,27.35596],[77.10696,27.36222],[77.0996,27.35693],[77.08254,27.34988],[77.08496,27.36479],[77.09439,27.37459],[77.07726,27.38881],[77.07316,27.389],[77.06417,27.37703],[77.05144,27.38016],[77.04638,27.37707],[77.03,27.38587],[77.03371,27.39699],[77.02487,27.39447],[77.01828,27.38914],[77.0108,27.39334],[77.00687,27.4054],[77.00857,27.4141],[77.00553,27.41909],[76.99433,27.42675],[76.9862,27.4275],[76.98233,27.42068],[76.97253,27.42272],[76.96405,27.41836],[76.96069,27.42749],[76.95148,27.4341],[76.94122,27.44546],[76.92646,27.45391],[76.92368,27.45879],[76.90812,27.46034],[76.91547,27.4779],[76.92257,27.48056],[76.92536,27.49039],[76.91489,27.4968],[76.89839,27.49052],[76.89506,27.49776],[76.88647,27.50172],[76.88196,27.509],[76.89065,27.52106],[76.89536,27.52017],[76.89887,27.53104],[76.91446,27.52805],[76.92768,27.53127],[76.9282,27.52112],[76.91105,27.52256],[76.90816,27.51683],[76.92027,27.51361],[76.93075,27.5082],[76.93802,27.50137],[76.94157,27.48606],[76.94916,27.48051],[76.96682,27.47733],[76.97228,27.47307],[76.96778,27.46465],[76.97453,27.45937],[76.98164,27.45838],[77.0066,27.44857],[77.02731,27.4488],[77.03648,27.4627],[77.04845,27.45629],[77.05118,27.45202],[77.03967,27.4414],[77.04925,27.4338],[77.06225,27.44587],[77.05819,27.45036],[77.05767,27.45806],[77.05354,27.46237],[77.05599,27.4754],[77.04761,27.47951],[77.03681,27.49152],[77.02666,27.49637],[77.02101,27.5026],[77.02164,27.50824],[77.03428,27.50835],[77.03761,27.51745],[77.04621,27.52268],[77.06474,27.52821],[77.06652,27.53628],[77.05958,27.54203],[77.04318,27.54124],[77.03646,27.5483],[77.04937,27.54831],[77.04944,27.55491],[77.04071,27.55621],[77.03632,27.55295],[77.02227,27.55701],[77.01722,27.5616],[77.00264,27.56565],[77.00285,27.55229],[77.01015,27.54482],[77.01967,27.54234],[77.01852,27.53492],[77.00299,27.53103],[76.98757,27.53539],[76.98422,27.54108],[76.97386,27.54745],[76.96753,27.54409],[76.96236,27.53734],[76.95633,27.54725],[76.94882,27.55478],[76.96043,27.55544],[76.96215,27.56449],[76.95971,27.5705],[76.9521,27.57334],[76.94797,27.56836],[76.9415,27.57056],[76.94615,27.5798],[76.93681,27.59786],[76.93707,27.61242],[76.94986,27.61411],[76.97417,27.61277],[76.98442,27.61383],[76.98616,27.61829],[76.9854,27.63508],[76.9782,27.64013],[76.97885,27.65408],[76.96648,27.65874],[76.94633,27.6731],[76.94356,27.67362],[76.93421,27.65801],[76.92763,27.66164],[76.91699,27.65256],[76.90767,27.6617],[76.91184,27.66831],[76.89895,27.67782],[76.90693,27.68671],[76.89278,27.69434],[76.89397,27.70229],[76.90778,27.69512],[76.92128,27.69622],[76.92565,27.70012],[76.91956,27.7102],[76.90649,27.71691],[76.89539,27.71776],[76.89251,27.72866],[76.89396,27.73487],[76.90179,27.73981],[76.90155,27.76466],[76.90299,27.77534],[76.91405,27.78859],[76.91222,27.79609],[76.91971,27.80414],[76.91069,27.8149],[76.91573,27.83453],[76.9364,27.82881],[76.94302,27.84261],[76.9437,27.85357],[76.93798,27.87897],[76.93836,27.89621],[76.9513,27.89579],[76.95002,27.91886],[76.93225,27.92233],[76.93149,27.95304],[76.93385,27.9612],[76.93421,27.98159],[76.9315,27.99259],[76.93527,28.00344],[76.9406,28.04235],[76.94907,28.05885],[76.95402,28.06249],[76.96213,28.10023],[76.96203,28.10826],[76.96618,28.12849],[76.97067,28.13812],[76.94824,28.1424],[76.95153,28.14951],[76.93273,28.15264],[76.92352,28.16071],[76.92012,28.16717],[76.91027,28.17016],[76.90166,28.17842],[76.89194,28.18461],[76.89261,28.1928],[76.899,28.19283],[76.90209,28.19877],[76.8781,28.20654],[76.87191,28.20604],[76.87326,28.21467],[76.86688,28.21991],[76.83908,28.21959],[76.83212,28.20898],[76.81463,28.20896],[76.80599,28.20558],[76.80581,28.19737],[76.81415,28.19313],[76.80787,28.18626],[76.79696,28.19065],[76.79585,28.16982],[76.80123,28.16438],[76.79592,28.14841],[76.78517,28.1505],[76.77799,28.14384],[76.76463,28.14337],[76.75388,28.13421],[76.74414,28.12156],[76.71642,28.12778],[76.7128,28.12542],[76.70573,28.11091],[76.6982,28.10975],[76.68746,28.09452],[76.68797,28.08775],[76.66415,28.09149],[76.65791,28.08915],[76.65633,28.07572],[76.6524,28.0616],[76.65945,28.04315],[76.65514,28.03466],[76.66186,28.03198],[76.66614,28.02557],[76.66891,28.01381],[76.65993,28.00808],[76.64143,28.0023],[76.60674,28.00369],[76.60331,27.99998],[76.59072,27.99733],[76.58472,27.99198],[76.58115,27.97889],[76.56532,27.97807],[76.56448,27.96588],[76.54548,27.96366],[76.53885,27.96768],[76.53672,27.9795],[76.54137,27.98437],[76.5457,28.01063],[76.54004,28.02347],[76.5444,28.03388],[76.53102,28.04012],[76.52118,28.03221],[76.51084,28.02964],[76.50335,28.03141],[76.49767,28.04399],[76.48195,28.04056],[76.46232,28.0405],[76.45545,28.04251],[76.459,28.05614],[76.46332,28.05907],[76.47316,28.05852],[76.47703,28.05437],[76.49557,28.05317],[76.50216,28.0599],[76.47968,28.07764],[76.46842,28.07875],[76.45763,28.08333],[76.45095,28.08877],[76.45665,28.10282],[76.46447,28.10912],[76.47557,28.10879],[76.48193,28.10033],[76.50008,28.10019],[76.50129,28.11454],[76.50345,28.11868],[76.48794,28.12019],[76.4927,28.12981],[76.47712,28.13095],[76.47209,28.13846],[76.47652,28.14854],[76.46694,28.15156],[76.46073,28.14743],[76.43818,28.14867],[76.43341,28.14087],[76.43405,28.13031],[76.44183,28.11984],[76.43834,28.10933],[76.43125,28.1097],[76.42376,28.11415],[76.4226,28.12248],[76.42969,28.13835],[76.42941,28.14144],[76.40233,28.14493],[76.39255,28.1347],[76.38322,28.13309],[76.36711,28.13677],[76.35744,28.14409],[76.35864,28.16102],[76.34401,28.17014],[76.33398,28.16978],[76.3124,28.17802],[76.30685,28.17555],[76.29415,28.1791],[76.29144,28.17006],[76.28432,28.17115],[76.28517,28.16383],[76.30335,28.15988],[76.30524,28.1547],[76.29947,28.14899],[76.31192,28.1455],[76.3161,28.15047],[76.32816,28.14601],[76.33502,28.13344],[76.35693,28.12738],[76.36174,28.12479],[76.35232,28.11407],[76.33839,28.10238],[76.31946,28.10764],[76.31115,28.10806],[76.30361,28.09707],[76.32064,28.08869],[76.33095,28.08737],[76.33487,28.07671],[76.34553,28.07141],[76.35841,28.06735],[76.35146,28.04575],[76.34246,28.0285],[76.3303,28.01827],[76.32261,28.01577],[76.29973,28.0225],[76.29296,28.02584],[76.29199,28.03454],[76.29437,28.04917],[76.28499,28.05146],[76.28391,28.05733],[76.26178,28.06749],[76.24481,28.06424],[76.23949,28.04953],[76.22983,28.04803],[76.20944,28.05223],[76.21042,28.05583],[76.19138,28.05633],[76.18166,28.05416],[76.17982,28.04548],[76.19677,28.03089],[76.20259,28.02931],[76.20451,28.03775],[76.21799,28.0354],[76.21631,28.02622],[76.20518,28.0279],[76.19766,28.01544],[76.18186,28.0214],[76.17528,28.01647],[76.17143,28.0073],[76.16229,27.99826],[76.15944,27.98709],[76.16852,27.98313],[76.16534,27.9733],[76.18848,27.96537],[76.18434,27.96188],[76.18428,27.95181],[76.1789,27.92954],[76.17577,27.9297],[76.16962,27.91057],[76.17004,27.90326],[76.18687,27.89921],[76.20313,27.89269],[76.20189,27.87788],[76.19542,27.87402],[76.19569,27.85938],[76.21405,27.84632],[76.21074,27.83989],[76.22686,27.83324],[76.24489,27.85015],[76.25806,27.84511],[76.26874,27.83484],[76.26411,27.82609],[76.26583,27.82184],[76.28765,27.80674],[76.29129,27.80032],[76.27836,27.80271],[76.27562,27.79743],[76.27675,27.78839],[76.2669,27.77176],[76.26172,27.76605],[76.24703,27.76128],[76.24761,27.74391],[76.25614,27.72831],[76.25668,27.7127],[76.26049,27.7],[76.25883,27.69005],[76.24874,27.68599],[76.24977,27.67984],[76.25831,27.67579],[76.25794,27.67088],[76.24517,27.67164],[76.24471,27.66587],[76.25173,27.66295],[76.25514,27.65374],[76.25321,27.63603],[76.24756,27.62667],[76.23553,27.62504],[76.21996,27.62837],[76.21133,27.62344],[76.2034,27.62205],[76.20425,27.60672],[76.20902,27.60217],[76.21814,27.55282],[76.21686,27.53695],[76.23352,27.53119],[76.24106,27.52523],[76.24038,27.51408],[76.24857,27.50333],[76.24794,27.48844],[76.23553,27.46302],[76.22321,27.45571],[76.2314,27.4508],[76.22945,27.43784],[76.23476,27.41759],[76.23084,27.40087],[76.22004,27.39347],[76.21045,27.37929],[76.20194,27.37561],[76.20114,27.37074],[76.20622,27.36457],[76.18239,27.32972],[76.17716,27.31258],[76.1606,27.31331],[76.15294,27.28279],[76.14453,27.27864],[76.14087,27.2622],[76.1282,27.25122],[76.12551,27.23814],[76.13028,27.23014],[76.1424,27.22568],[76.12999,27.2002],[76.13981,27.20036],[76.14979,27.221],[76.1587,27.22192],[76.1639,27.21557],[76.16413,27.20261],[76.16038,27.19951],[76.15966,27.18469],[76.17044,27.18304],[76.18592,27.1846],[76.19074,27.16126],[76.19097,27.14362],[76.18559,27.13211],[76.19534,27.12132],[76.20418,27.11894],[76.21385,27.12539],[76.22574,27.14118],[76.2455,27.15064],[76.25878,27.17653],[76.26992,27.18386],[76.27831,27.18343],[76.28165,27.17989],[76.28753,27.16019],[76.29123,27.15375],[76.29389,27.12937],[76.28987,27.10235]]]},"properties":{"id":23,"name":"Alwar","state":"Rajasthan"}},{"type":"Feature","geometry":{"type":"Polygon","coordinates":[[[76.88196,27.509],[76.88647,27.50172],[76.89506,27.49776],[76.89839,27.49052],[76.91489,27.4968],[76.92536,27.49039],[76.92257,27.48056],[76.91547,27.4779],[76.90812,27.46034],[76.92368,27.45879],[76.92646,27.45391],[76.94122,27.44546],[76.95148,27.4341],[76.96069,27.42749],[76.96405,27.41836],[76.97253,27.42272],[76.98233,27.42068],[76.9862,27.4275],[76.99433,27.42675],[77.00553,27.41909],[77.00857,27.4141],[77.00687,27.4054],[77.0108,27.39334],[77.01828,27.38914],[77.02487,27.39447],[77.03371,27.39699],[77.03,27.38587],[77.04638,27.37707],[77.05144,27.38016],[77.06417,27.37703],[77.07316,27.389],[77.07726,27.38881],[77.09439,27.37459],[77.08496,27.36479],[77.08254,27.34988],[77.0996,27.35693],[77.10696,27.36222],[77.11556,27.35596],[77.10965,27.34567],[77.12156,27.34196],[77.12488,27.35234],[77.14146,27.34631],[77.1657,27.34636],[77.17972,27.35155],[77.19528,27.3549],[77.21018,27.34886],[77.20946,27.33583],[77.20339,27.32578],[77.1967,27.32213],[77.18388,27.319],[77.17627,27.31942],[77.16189,27.31325],[77.1479,27.31136],[77.14353,27.29772],[77.13684,27.28894],[77.13122,27.27695],[77.12415,27.25228],[77.11654,27.25025],[77.11065,27.2448],[77.10187,27.24173],[77.09368,27.24775],[77.08777,27.23838],[77.07791,27.23158],[77.06486,27.23129],[77.05945,27.23509],[77.05379,27.23306],[77.04783,27.22437],[77.04688,27.21699],[77.05851,27.2102],[77.06771,27.20887],[77.08355,27.19927],[77.08907,27.19251],[77.08396,27.18179],[77.0862,27.17697],[77.09718,27.17151],[77.09821,27.16371],[77.09241,27.16014],[77.07244,27.16241],[77.06044,27.15224],[77.05534,27.15666],[77.03911,27.15804],[77.03107,27.15522],[77.02703,27.16643],[77.00447,27.15636],[76.98117,27.17602],[76.97205,27.17911],[76.96931,27.16922],[76.96299,27.15739],[76.96562,27.14613],[76.96599,27.13336],[76.96421,27.12731],[76.97549,27.12384],[76.98966,27.11447],[76.99637,27.10711],[76.98625,27.10329],[76.98454,27.09925],[76.99236,27.08581],[76.98491,27.07789],[76.9755,27.07457],[76.97968,27.06338],[76.99943,27.04897],[77.00162,27.04096],[77.01034,27.02746],[77.00839,27.01827],[77.00082,27.02043],[76.99502,27.028],[76.98692,27.02371],[76.99661,27.00943],[77.00894,27.00044],[77.00831,26.97724],[77.01587,26.9775],[77.02121,26.96345],[77.02329,26.94741],[77.02824,26.94239],[77.01719,26.9319],[77.01828,26.92843],[77.03756,26.91694],[77.045,26.90786],[77.05033,26.91214],[77.06037,26.91276],[77.06576,26.90179],[77.06411,26.88864],[77.06852,26.87619],[77.0756,26.86759],[77.07825,26.86073],[77.10047,26.86171],[77.10609,26.87381],[77.12459,26.85281],[77.13332,26.84833],[77.13633,26.83886],[77.15653,26.8271],[77.16947,26.83126],[77.17409,26.82233],[77.19139,26.81885],[77.21106,26.80975],[77.20171,26.79805],[77.20004,26.79091],[77.206,26.78121],[77.22935,26.79407],[77.25973,26.81862],[77.26775,26.81323],[77.29486,26.77962],[77.30154,26.78077],[77.3169,26.78706],[77.31889,26.79418],[77.33225,26.80074],[77.3463,26.80047],[77.3523,26.80446],[77.35899,26.79507],[77.35165,26.78565],[77.35566,26.7831],[77.34498,26.76742],[77.33997,26.76456],[77.35301,26.75488],[77.35035,26.74889],[77.35169,26.73835],[77.3497,26.71156],[77.37107,26.7073],[77.38477,26.70702],[77.39244,26.7113],[77.4148,26.71757],[77.43717,26.72812],[77.44821,26.73781],[77.45655,26.74123],[77.46557,26.75662],[77.47258,26.76403],[77.46424,26.77486],[77.45922,26.77514],[77.43684,26.7646],[77.43685,26.78027],[77.44653,26.80335],[77.44754,26.81362],[77.42581,26.83727],[77.4345,26.84752],[77.43083,26.86149],[77.44487,26.86235],[77.45022,26.87204],[77.45891,26.86947],[77.46392,26.87489],[77.46359,26.88401],[77.4732,26.8871],[77.48222,26.89422],[77.49092,26.89821],[77.50431,26.90021],[77.52707,26.9099],[77.58831,26.92526],[77.59335,26.93666],[77.60037,26.93836],[77.60673,26.93465],[77.61343,26.94034],[77.65093,26.96165],[77.65761,26.96817],[77.66529,26.96842],[77.66829,26.96243],[77.67731,26.96353],[77.67897,26.97146],[77.70063,26.97332],[77.71866,26.98203],[77.72334,26.98599],[77.73204,26.98257],[77.7451,26.98254],[77.74846,26.99226],[77.75649,26.99281],[77.75125,27.00002],[77.75408,27.00767],[77.76192,27.01793],[77.75271,27.01805],[77.74436,27.02805],[77.73529,27.02586],[77.73096,27.02045],[77.72896,27.00837],[77.73107,26.99466],[77.72267,26.99228],[77.71232,26.99464],[77.70537,27.00127],[77.70251,27.01385],[77.6908,27.02727],[77.69309,27.03924],[77.68698,27.04485],[77.67956,27.04323],[77.67205,27.02464],[77.66576,27.01707],[77.65208,27.02153],[77.64299,27.02136],[77.63611,27.00986],[77.62431,27.02175],[77.60753,27.02319],[77.5993,27.02601],[77.59745,27.03143],[77.58379,27.03594],[77.56935,27.03002],[77.5661,27.03128],[77.56763,27.04316],[77.57394,27.04835],[77.57442,27.07238],[77.56297,27.07159],[77.55505,27.07508],[77.54237,27.06418],[77.53523,27.06089],[77.523,27.0648],[77.52696,27.08247],[77.51972,27.0883],[77.5081,27.08835],[77.51104,27.09359],[77.52256,27.10238],[77.53812,27.09851],[77.54086,27.10407],[77.55322,27.10996],[77.5649,27.11018],[77.58347,27.11647],[77.59223,27.11502],[77.59951,27.11744],[77.60611,27.12338],[77.60096,27.1391],[77.61542,27.14847],[77.61402,27.1628],[77.62372,27.1691],[77.63142,27.16931],[77.63972,27.16453],[77.65225,27.16871],[77.66356,27.16988],[77.67436,27.18044],[77.68097,27.18936],[77.68198,27.19465],[77.67618,27.2014],[77.66563,27.20732],[77.65101,27.20907],[77.64845,27.21753],[77.6532,27.23318],[77.64741,27.23495],[77.64816,27.24143],[77.6386,27.24979],[77.63228,27.25811],[77.62186,27.25461],[77.61563,27.26701],[77.62319,27.27346],[77.6184,27.27597],[77.61814,27.28229],[77.61213,27.28919],[77.60072,27.29487],[77.60916,27.299],[77.61238,27.30422],[77.62257,27.30906],[77.62545,27.3326],[77.61949,27.33869],[77.61392,27.33225],[77.60208,27.33226],[77.59572,27.32958],[77.5895,27.32276],[77.58362,27.32104],[77.57684,27.32754],[77.55182,27.33676],[77.54816,27.34739],[77.53983,27.3471],[77.53107,27.35197],[77.51844,27.36215],[77.50634,27.37569],[77.49602,27.37997],[77.48494,27.38208],[77.47569,27.37864],[77.47063,27.38196],[77.45231,27.3877],[77.44093,27.39357],[77.43585,27.41098],[77.42426,27.41974],[77.42614,27.4326],[77.42984,27.44166],[77.4364,27.44537],[77.43874,27.45641],[77.42458,27.4605],[77.41653,27.47074],[77.40555,27.47219],[77.40272,27.47632],[77.4012,27.49641],[77.38537,27.51298],[77.36139,27.51438],[77.34941,27.51917],[77.3443,27.52443],[77.3417,27.53296],[77.34935,27.54114],[77.34276,27.54899],[77.3396,27.56551],[77.34762,27.57099],[77.35937,27.5878],[77.34443,27.59593],[77.33502,27.59128],[77.32047,27.6061],[77.32248,27.61174],[77.34165,27.63217],[77.35167,27.64742],[77.3521,27.65159],[77.34652,27.66407],[77.3444,27.67581],[77.34593,27.69058],[77.34335,27.70231],[77.33387,27.70759],[77.32663,27.70565],[77.31173,27.70762],[77.307,27.71309],[77.30575,27.72424],[77.32011,27.73127],[77.3108,27.75087],[77.31367,27.78242],[77.30492,27.79426],[77.28882,27.79723],[77.26943,27.81494],[77.26511,27.80464],[77.25305,27.79069],[77.24362,27.78428],[77.23456,27.78596],[77.2389,27.79227],[77.22725,27.79858],[77.22204,27.79695],[77.21119,27.80151],[77.21367,27.80798],[77.20739,27.81377],[77.20384,27.82222],[77.19203,27.80908],[77.19925,27.79882],[77.18398,27.78678],[77.17771,27.78547],[77.16978,27.7909],[77.17426,27.79441],[77.17961,27.80438],[77.18609,27.80231],[77.19038,27.80819],[77.18015,27.81661],[77.16897,27.8131],[77.16065,27.81665],[77.15724,27.80878],[77.16224,27.80328],[77.16148,27.79254],[77.1567,27.78456],[77.14426,27.78559],[77.13578,27.77533],[77.13249,27.77807],[77.1352,27.78604],[77.12256,27.7925],[77.10917,27.78548],[77.08978,27.79941],[77.07531,27.81356],[77.06456,27.8113],[77.0455,27.82098],[77.03374,27.79841],[77.02875,27.77942],[77.03647,27.78153],[77.058,27.77054],[77.06025,27.76091],[77.07525,27.76701],[77.08092,27.75684],[77.07885,27.75299],[77.08792,27.73786],[77.07666,27.73167],[77.06545,27.7299],[77.06149,27.72639],[77.0506,27.73143],[77.05218,27.73494],[77.0468,27.74333],[77.03833,27.74851],[77.0358,27.74512],[77.02168,27.74567],[77.01339,27.73098],[77.00196,27.73687],[76.99124,27.71099],[76.98915,27.69352],[76.98324,27.67898],[76.97885,27.65408],[76.9782,27.64013],[76.9854,27.63508],[76.98616,27.61829],[76.98442,27.61383],[76.97417,27.61277],[76.94986,27.61411],[76.93707,27.61242],[76.93681,27.59786],[76.94615,27.5798],[76.9415,27.57056],[76.94797,27.56836],[76.9521,27.57334],[76.95971,27.5705],[76.96215,27.56449],[76.96043,27.55544],[76.94882,27.55478],[76.95633,27.54725],[76.96236,27.53734],[76.96753,27.54409],[76.97386,27.54745],[76.98422,27.54108],[76.98757,27.53539],[77.00299,27.53103],[77.01852,27.53492],[77.01967,27.54234],[77.01015,27.54482],[77.00285,27.55229],[77.00264,27.56565],[77.01722,27.5616],[77.02227,27.55701],[77.03632,27.55295],[77.04071,27.55621],[77.04944,27.55491],[77.04937,27.54831],[77.03646,27.5483],[77.04318,27.54124],[77.05958,27.54203],[77.06652,27.53628],[77.06474,27.52821],[77.04621,27.52268],[77.03761,27.51745],[77.03428,27.50835],[77.02164,27.50824],[77.02101,27.5026],[77.02666,27.49637],[77.03681,27.49152],[77.04761,27.47951],[77.05599,27.4754],[77.05354,27.46237],[77.05767,27.45806],[77.05819,27.45036],[77.06225,27.44587],[77.04925,27.4338],[77.03967,27.4414],[77.05118,27.45202],[77.04845,27.45629],[77.03648,27.4627],[77.02731,27.4488],[77.0066,27.44857],[76.98164,27.45838],[76.97453,27.45937],[76.96778,27.46465],[76.97228,27.47307],[76.96682,27.47733],[76.94916,27.48051],[76.94157,27.48606],[76.93802,27.50137],[76.93075,27.5082],[76.92027,27.51361],[76.90816,27.51683],[76.91105,27.52256],[76.9282,27.52112],[76.92768,27.53127],[76.91446,27.52805],[76.89887,27.53104],[76.89536,27.52017],[76.89065,27.52106],[76.88196,27.509]]]},"properties":{"id":24,"name":"Bharatpur","state":"Rajasthan"}}]}